brief_id,language,size,calls,prr_pass,geometric_pass,readability_pass,asset_integrity_pass,copy_exact_pass,editability_pass,canary_won,order_swap_consistent,composite_score,cost_usd,wall_clock_ms,distinct_skeleton,archetype
brief_01_en_square,en,1080x1080,5,true,true,true,true,true,true,true,true,0.956,0.318304,242136,true,unknown
brief_02_en_square,en,1080x1080,5,true,true,true,true,true,true,true,true,0.954,0.312867,387203,true,unknown
brief_03_ckb_square,ckb,1080x1080,5,true,true,true,true,true,true,true,true,0.947,0.311677,390337,false,unknown
brief_04_ckb_square,ckb,1080x1080,5,true,true,true,true,true,true,true,true,0.957,0.304289,170870,false,unknown
brief_05_en_portrait45,en,1080x1350,5,true,true,true,true,true,true,true,true,0.959,0.324830,247227,false,unknown
brief_06_en_portrait45,en,1080x1350,5,true,true,true,true,true,true,true,true,0.960,0.310358,116395,false,unknown
brief_07_ckb_portrait45,ckb,1080x1350,5,true,true,true,true,true,true,true,true,0.954,0.328783,241565,false,unknown
brief_08_ckb_portrait45,ckb,1080x1350,5,true,true,true,true,true,true,true,true,0.961,0.324925,108000,false,unknown
brief_09_en_story916,en,1080x1920,5,true,true,true,true,true,true,true,true,0.955,0.323638,178964,false,unknown
brief_10_en_story916,en,1080x1920,5,true,true,true,true,true,true,true,true,0.945,0.310471,180664,true,monolith_centered
brief_11_ckb_story916,ckb,1080x1920,5,true,true,true,true,true,true,true,true,0.955,0.315079,182877,true,unknown
brief_12_ckb_story916,ckb,1080x1920,5,true,true,true,true,true,true,true,true,0.955,0.307353,500444,false,unknown
brief_14_en_a4doc,en,1240x1754,5,true,true,true,true,true,true,true,true,0.943,0.324885,133988,true,unknown
brief_15_ckb_a4doc,ckb,1240x1754,5,true,true,true,true,true,true,true,true,0.964,0.313689,174356,true,split_statutory_banner
brief_17_en_landscape169,en,1920x1080,5,true,true,true,true,true,true,true,true,0.959,0.310055,110757,true,unknown
brief_18_en_landscape169,en,1920x1080,5,true,true,true,true,true,true,true,true,0.935,0.310325,114138,false,unknown
brief_19_ckb_landscape169,ckb,1920x1080,5,true,true,true,true,true,true,true,true,0.958,0.298325,104385,true,unknown
brief_20_ckb_landscape169,ckb,1920x1080,5,true,true,true,true,true,true,true,true,0.933,0.305895,109554,false,unknown