document_id,task_id,client_id,source_format,source_sha256,target_canva_id,target_sha256,lifecycle_state,migration_status,elements_count,text_fidelity_score,loss_notes,archived_path,reapproved,updated_at
doc_kaae_invitation_01,t-kaae-invitation-2026,c1000000-0000-4000-8000-000000000002,hycanvas_json,e5429696b32a8d71377f629241163246a8adcda713dd37978202dab2e3d7a148,DAF_mig_doc_kaae_invitation_01,04484f8d5e2a42f95bd069ef2d4549de9b7828c64c0ccfdd6912408f012528a3,active_inflight,MIGRATED_VERIFIED,6,1.00,"Reconstructed into 6 discrete native Canva nodes; 100% Kurdish Sorani copy preserved; zero flat rasterization.",hycanvas_json/c1000000-0000-4000-8000-000000000002/doc_kaae_invitation_01,false,2026-09-11T23:02:03.370Z
doc_drustee_vitamin_d3_02,t-drustee-d3-launch,c1000000-0000-4000-8000-000000000003,hycanvas_json,d3293a9ca46717f409c465ec58be3f9844d7af8f10a68d53b1d376bcfd3fd628,DAF_mig_doc_drustee_vitamin_d3_02,152fc2ac6fca0adb5d8db7e730b75acb77d09b704f7f44296c39974b335fc098,active_inflight,MIGRATED_VERIFIED,5,1.00,"Reconstructed into 5 discrete native Canva nodes; 100% Kurdish Sorani copy preserved; zero flat rasterization.",hycanvas_json/c1000000-0000-4000-8000-000000000003/doc_drustee_vitamin_d3_02,false,2026-09-11T23:02:03.371Z
doc_aster_resort_weekend_03,t-aster-weekend-promo,c1000000-0000-4000-8000-000000000004,polotno_json,6570908e99d223008f83359df73ee11ea3e980f34cd990518bf527870ecabcd2,DAF_mig_doc_aster_resort_weekend_03,106ca4f326cf1171014d72a015b49c3254a5589c944f9c4f51b6616527ffd797,active_inflight,MIGRATED_VERIFIED,5,1.00,"Reconstructed into 5 discrete native Canva nodes; 100% Kurdish Sorani copy preserved; zero flat rasterization.",polotno_json/c1000000-0000-4000-8000-000000000004/doc_aster_resort_weekend_03,false,2026-09-11T23:02:03.371Z
doc_fastpay_gateway_04,t-fastpay-gateway-launch,c1000000-0000-4000-8000-000000000005,hycanvas_json,e60cc0565715eb59b150edaf7c9be1da639dd2579570a253ae7a92911246505b,DAF_mig_doc_fastpay_gateway_04,8489c0bcc13eecdb525224867b370ee650ef190185996eafeda7b6d76b4640d1,active_inflight,MIGRATED_VERIFIED,5,1.00,"Reconstructed into 5 discrete native Canva nodes; 100% Kurdish Sorani copy preserved; zero flat rasterization.",hycanvas_json/c1000000-0000-4000-8000-000000000005/doc_fastpay_gateway_04,false,2026-09-11T23:02:03.371Z
doc_rona_signature_05,t-rona-signature-01,c1000000-0000-4000-8000-000000000006,hycanvas_json,ad67443695115497a563d17b03566f8db841a29b8463883b2cd55b4ffa92637c,DAF_mig_doc_rona_signature_05,fdeef1d8efac0620cbda513138fc06f38471393f05dd2c9f51182757e71452a3,active_inflight,MIGRATED_VERIFIED,4,1.00,"Reconstructed into 4 discrete native Canva nodes; 100% Kurdish Sorani copy preserved; zero flat rasterization.",hycanvas_json/c1000000-0000-4000-8000-000000000006/doc_rona_signature_05,false,2026-09-11T23:02:03.371Z
doc_nova_telecom_06,t-nova-telecom-4g,c1000000-0000-4000-8000-000000000007,polotno_json,5641943822cec10f6acd8149657342cd456c66fa8077fa9b196c89bd87d1e822,DAF_mig_doc_nova_telecom_06,6777c23e490300b5215876bd381a9838136e673ac9d2b7d98d3b581329f30db4,active_inflight,MIGRATED_VERIFIED,4,1.00,"Reconstructed into 4 discrete native Canva nodes; 100% Kurdish Sorani copy preserved; zero flat rasterization.",polotno_json/c1000000-0000-4000-8000-000000000007/doc_nova_telecom_06,false,2026-09-11T23:02:03.372Z
doc_kaae_annual_report_07,t-kaae-annual-report-2025,c1000000-0000-4000-8000-000000000002,legacy_zip_pack,baf859883e743ae3399532c1dcf28c4118035b0fc265aedced65f13311e856c4,ARCHIVED_NO_CANVA_BINDING,baf859883e743ae3399532c1dcf28c4118035b0fc265aedced65f13311e856c4,archived,ARCHIVED_READ_ONLY,1,1.00,"Preserved in read-only archive. No active Canva editor binding required.",legacy_zip_pack/c1000000-0000-4000-8000-000000000002/doc_kaae_annual_report_07,false,2026-09-11T23:02:03.372Z
doc_drustee_pilot_delivered_08,t-drustee-pilot-delivered-01,c1000000-0000-4000-8000-000000000003,legacy_zip_pack,2c807cda30e3a394586124a4f32ab37465ef9e5242d0799f7abccca58590bec3,ARCHIVED_NO_CANVA_BINDING,2c807cda30e3a394586124a4f32ab37465ef9e5242d0799f7abccca58590bec3,archived,ARCHIVED_READ_ONLY,1,1.00,"Preserved in read-only archive. No active Canva editor binding required.",legacy_zip_pack/c1000000-0000-4000-8000-000000000003/doc_drustee_pilot_delivered_08,false,2026-09-11T23:02:03.372Z
doc_figma_agency_q1_09,t-legacy-figma-q1-01,c1000000-0000-4000-8000-000000000001,figma_rest_ref,cd3c68e68b3618ca9cc0a69992abf8dbd034f812dea8817a06de724f9c0fd3e2,NONE_BLOCKED,NONE_BLOCKED,active_inflight,BLOCKED_NEEDS_ACCESS,0,0.00,"Historical inaccessible Figma reference: OAuth lease expired/unauthorized. Named blocker per FR-032.",figma_rest_ref/c1000000-0000-4000-8000-000000000001/doc_figma_agency_q1_09,false,2026-09-11T23:02:03.372Z
doc_figma_brand_guideline_10,t-legacy-figma-brand-02,c1000000-0000-4000-8000-000000000001,figma_rest_ref,121d87db18fbdd5f7e890b18b7bc9dc9448e22f337054c61975b22fea3b88b8f,NONE_BLOCKED,NONE_BLOCKED,active_inflight,BLOCKED_NEEDS_ACCESS,0,0.00,"Historical inaccessible Figma reference: OAuth lease expired/unauthorized. Named blocker per FR-032.",figma_rest_ref/c1000000-0000-4000-8000-000000000001/doc_figma_brand_guideline_10,false,2026-09-11T23:02:03.372Z
