requirement_id,name,category,responsible_task,implementation_file,test_suite,evidence_path,verification_status
FR-001,"Canonical task creation",Functional,CV-06,"apps/core/test/unified-ingress-postgres.test.ts","apps/core/test/unified-ingress-postgres.test.ts",evidence/canva-migration/2026-09-11-run-1/CV-06/,VERIFIED
FR-002,"Raw event retention",Functional,CV-06,"apps/core/test/unified-ingress-postgres.test.ts","apps/core/test/unified-ingress-postgres.test.ts",evidence/canva-migration/2026-09-11-run-1/CV-06/,VERIFIED
FR-003,"Webhook verification",Functional,CV-06;CV-07;CV-08,"apps/core/test/telegram-first-class-adapter.test.ts","apps/core/test/telegram-first-class-adapter.test.ts",evidence/canva-migration/2026-09-11-run-1/CV-07/,VERIFIED
FR-004,"Event idempotency",Functional,CV-05;CV-06;CV-07;CV-08,"packages/integrations/test/unified-ingress.test.ts","packages/integrations/test/unified-ingress.test.ts",evidence/canva-migration/2026-09-11-run-1/CV-06/,VERIFIED
FR-005,"Task promotion",Functional,CV-06;CV-08,"apps/core/test/waha-honest-adapter.test.ts","apps/core/test/waha-honest-adapter.test.ts",evidence/canva-migration/2026-09-11-run-1/CV-08/,VERIFIED
FR-006,"Manual intake",Functional,CV-06;CV-17,"apps/core/test/hawa-work-desk-cv17.test.ts","apps/core/test/hawa-work-desk-cv17.test.ts",evidence/canva-migration/2026-09-11-run-1/CV-17/,VERIFIED
FR-007,"Client channel mapping",Functional,CV-07;CV-09,"apps/core/test/client-knowledge-assets.test.ts","apps/core/test/client-knowledge-assets.test.ts",evidence/canva-migration/2026-09-11-run-1/CV-09/,VERIFIED
FR-008,"Deterministic routing first",Functional,CV-09,"apps/core/test/client-knowledge-assets.test.ts","apps/core/test/client-knowledge-assets.test.ts",evidence/canva-migration/2026-09-11-run-1/CV-09/,VERIFIED
FR-009,"Candidate-limited AI routing",Functional,CV-09,"apps/core/test/client-knowledge-assets.test.ts","apps/core/test/client-knowledge-assets.test.ts",evidence/canva-migration/2026-09-11-run-1/CV-09/,VERIFIED
FR-010,"Ambiguity gate",Functional,CV-06;CV-09,"apps/core/test/unified-ingress-postgres.test.ts","apps/core/test/unified-ingress-postgres.test.ts",evidence/canva-migration/2026-09-11-run-1/CV-06/,VERIFIED
FR-011,"Scope lock",Functional,CV-04;CV-09,"packages/contracts/test/canva-binding.contract.test.ts","packages/contracts/test/canva-binding.contract.test.ts",evidence/canva-migration/2026-09-11-run-1/CV-04/,VERIFIED
FR-012,"Wrong-client correction",Functional,CV-06;CV-09,"apps/core/test/client-knowledge-assets.test.ts","apps/core/test/client-knowledge-assets.test.ts",evidence/canva-migration/2026-09-11-run-1/CV-09/,VERIFIED
FR-013,"Design brief schema",Functional,CV-10,"apps/core/test/creative-planner-asset-route.test.ts","apps/core/test/creative-planner-asset-route.test.ts",evidence/canva-migration/2026-09-11-run-1/CV-10/,VERIFIED
FR-014,"No invented facts",Functional,CV-10;CV-14,"apps/core/test/creative-planner-asset-route.test.ts","apps/core/test/creative-planner-asset-route.test.ts",evidence/canva-migration/2026-09-11-run-1/CV-10/,VERIFIED
FR-015,"Exact-copy lock",Functional,CV-10;CV-14,"apps/core/test/canva-work-quality-inspection.test.ts","apps/core/test/canva-work-quality-inspection.test.ts",evidence/canva-migration/2026-09-11-run-1/CV-14/,VERIFIED
FR-016,"Task route selection",Functional,CV-10,"apps/core/test/creative-planner-asset-route.test.ts","apps/core/test/creative-planner-asset-route.test.ts",evidence/canva-migration/2026-09-11-run-1/CV-10/,VERIFIED
FR-017,"Client DNA",Functional,CV-09,"apps/core/test/client-knowledge-assets.test.ts","apps/core/test/client-knowledge-assets.test.ts",evidence/canva-migration/2026-09-11-run-1/CV-09/,VERIFIED
FR-018,"Knowledge ingestion",Functional,CV-09,"apps/core/test/client-knowledge-assets.test.ts","apps/core/test/client-knowledge-assets.test.ts",evidence/canva-migration/2026-09-11-run-1/CV-09/,VERIFIED
FR-019,"Curated ingestion scope",Functional,CV-09,"apps/core/test/client-knowledge-assets.test.ts","apps/core/test/client-knowledge-assets.test.ts",evidence/canva-migration/2026-09-11-run-1/CV-09/,VERIFIED
FR-020,"Hybrid retrieval",Functional,CV-09,"packages/retrieval/test/search-engine.test.ts","packages/retrieval/test/search-engine.test.ts",evidence/canva-migration/2026-09-11-run-1/CV-09/,VERIFIED
FR-021,"Client-first retrieval filter",Functional,CV-09,"apps/core/test/client-knowledge-assets.test.ts","apps/core/test/client-knowledge-assets.test.ts",evidence/canva-migration/2026-09-11-run-1/CV-09/,VERIFIED
FR-022,"Positive/negative separation",Functional,CV-09,"apps/core/test/client-knowledge-assets.test.ts","apps/core/test/client-knowledge-assets.test.ts",evidence/canva-migration/2026-09-11-run-1/CV-09/,VERIFIED
FR-023,"Retrieval evidence",Functional,CV-09,"packages/evals/test/evals.test.ts","packages/evals/test/evals.test.ts",evidence/canva-migration/2026-09-11-run-1/CV-09/,VERIFIED
FR-024,"Private composition reference",Functional,CV-10,"apps/core/test/creative-planner-asset-route.test.ts","apps/core/test/creative-planner-asset-route.test.ts",evidence/canva-migration/2026-09-11-run-1/CV-10/,VERIFIED
FR-025,"Asset architecture",Functional,CV-10;CV-11,"apps/core/test/canva-native-design.test.ts","apps/core/test/canva-native-design.test.ts",evidence/canva-migration/2026-09-11-run-1/CV-11/,VERIFIED
FR-026,"Independent visual assets",Functional,CV-10;CV-11,"apps/core/test/canva-native-design.test.ts","apps/core/test/canva-native-design.test.ts",evidence/canva-migration/2026-09-11-run-1/CV-11/,VERIFIED
FR-027,"Approved logos only",Functional,CV-09;CV-11;CV-14,"apps/core/test/client-knowledge-assets.test.ts","apps/core/test/client-knowledge-assets.test.ts",evidence/canva-migration/2026-09-11-run-1/CV-09/,VERIFIED
FR-028,"Editable source",Functional,CV-02;CV-11;CV-19,"apps/core/test/canva-native-design.test.ts","apps/core/test/canva-native-design.test.ts",evidence/canva-migration/2026-09-11-run-1/CV-11/,VERIFIED
FR-029,"Canonical creative document",Functional,CV-02;CV-04;CV-11;CV-19,"packages/contracts/test/canva-binding.contract.test.ts","packages/contracts/test/canva-binding.contract.test.ts",evidence/canva-migration/2026-09-11-run-1/CV-04/,VERIFIED
FR-030,"Studio adapter",Functional,CV-02;CV-04;CV-11;CV-23,"apps/core/test/decommission-figma-editor-runtime-cv23.test.ts","apps/core/test/decommission-figma-editor-runtime-cv23.test.ts",evidence/canva-migration/2026-09-11-run-1/CV-23/,VERIFIED
FR-031,"Local edit preservation",Functional,CV-11;CV-12,"packages/db/test/canva-binding.repository.test.ts","packages/db/test/canva-binding.repository.test.ts",evidence/canva-migration/2026-09-11-run-1/CV-05/,VERIFIED
FR-032,"Design versioning",Functional,CV-04;CV-11;CV-12;CV-13;CV-19,"apps/core/test/canva-manual-bounded-edit.test.ts","apps/core/test/canva-manual-bounded-edit.test.ts",evidence/canva-migration/2026-09-11-run-1/CV-12/,VERIFIED
FR-033,"Multi-format variants",Functional,CV-11;CV-12;CV-13,"packages/db/test/canva-binding.repository.test.ts","packages/db/test/canva-binding.repository.test.ts",evidence/canva-migration/2026-09-11-run-1/CV-05/,VERIFIED
FR-034,"Sorani support",Functional,CV-12;CV-14,"apps/core/test/canva-manual-bounded-edit.test.ts","apps/core/test/canva-manual-bounded-edit.test.ts",evidence/canva-migration/2026-09-11-run-1/CV-12/,VERIFIED
FR-035,"Arabic support",Functional,CV-12;CV-14,"apps/core/test/canva-manual-bounded-edit.test.ts","apps/core/test/canva-manual-bounded-edit.test.ts",evidence/canva-migration/2026-09-11-run-1/CV-12/,VERIFIED
FR-036,"Language metadata",Functional,CV-12;CV-14,"apps/core/test/canva-manual-bounded-edit.test.ts","apps/core/test/canva-manual-bounded-edit.test.ts",evidence/canva-migration/2026-09-11-run-1/CV-12/,VERIFIED
FR-037,"Font management",Functional,CV-09;CV-11;CV-12;CV-14,"apps/core/test/canva-manual-bounded-edit.test.ts","apps/core/test/canva-manual-bounded-edit.test.ts",evidence/canva-migration/2026-09-11-run-1/CV-12/,VERIFIED
FR-038,"Deterministic render QA",Functional,CV-13;CV-14,"apps/core/test/canva-manual-bounded-edit.test.ts","apps/core/test/canva-manual-bounded-edit.test.ts",evidence/canva-migration/2026-09-11-run-1/CV-12/,VERIFIED
FR-039,"Visual QA",Functional,CV-14,"apps/core/test/canva-manual-bounded-edit.test.ts","apps/core/test/canva-manual-bounded-edit.test.ts",evidence/canva-migration/2026-09-11-run-1/CV-12/,VERIFIED
FR-040,"Bounded repair",Functional,CV-10;CV-14,"apps/core/test/canva-manual-bounded-edit.test.ts","apps/core/test/canva-manual-bounded-edit.test.ts",evidence/canva-migration/2026-09-11-run-1/CV-12/,VERIFIED
FR-041,"Human review",Functional,CV-07;CV-12;CV-15,"apps/core/test/canva-immutable-capture.test.ts","apps/core/test/canva-immutable-capture.test.ts",evidence/canva-migration/2026-09-11-run-1/CV-13/,VERIFIED
FR-042,"Structured revision",Functional,CV-12;CV-15,"apps/core/test/canva-immutable-capture.test.ts","apps/core/test/canva-immutable-capture.test.ts",evidence/canva-migration/2026-09-11-run-1/CV-13/,VERIFIED
FR-043,"Approval authority",Functional,CV-07;CV-15,"apps/core/test/canva-immutable-capture.test.ts","apps/core/test/canva-immutable-capture.test.ts",evidence/canva-migration/2026-09-11-run-1/CV-13/,VERIFIED
FR-044,"Approval immutability",Functional,CV-04;CV-15,"apps/core/test/canva-immutable-capture.test.ts","apps/core/test/canva-immutable-capture.test.ts",evidence/canva-migration/2026-09-11-run-1/CV-13/,VERIFIED
FR-045,"Publication package",Functional,CV-13,"apps/core/test/canva-immutable-capture.test.ts","apps/core/test/canva-immutable-capture.test.ts",evidence/canva-migration/2026-09-11-run-1/CV-13/,VERIFIED
FR-046,"Deterministic Drive destination",Functional,CV-16,"apps/core/test/canva-immutable-capture.test.ts","apps/core/test/canva-immutable-capture.test.ts",evidence/canva-migration/2026-09-11-run-1/CV-13/,VERIFIED
FR-047,"Idempotent Drive upload",Functional,CV-16,"apps/core/test/canva-work-quality-inspection.test.ts","apps/core/test/canva-work-quality-inspection.test.ts",evidence/canva-migration/2026-09-11-run-1/CV-14/,VERIFIED
FR-048,"Publication verification",Functional,CV-16,"apps/core/test/canva-work-quality-inspection.test.ts","apps/core/test/canva-work-quality-inspection.test.ts",evidence/canva-migration/2026-09-11-run-1/CV-14/,VERIFIED
FR-049,"Sheets upsert",Functional,CV-16,"apps/core/test/canva-work-quality-inspection.test.ts","apps/core/test/canva-work-quality-inspection.test.ts",evidence/canva-migration/2026-09-11-run-1/CV-14/,VERIFIED
FR-050,"Publication reconciliation",Functional,CV-16,"apps/core/test/canva-work-quality-inspection.test.ts","apps/core/test/canva-work-quality-inspection.test.ts",evidence/canva-migration/2026-09-11-run-1/CV-14/,VERIFIED
FR-051,"Thread notification",Functional,CV-07;CV-08;CV-16,"apps/core/test/canva-work-quality-inspection.test.ts","apps/core/test/canva-work-quality-inspection.test.ts",evidence/canva-migration/2026-09-11-run-1/CV-14/,VERIFIED
FR-052,"Feedback ledger",Functional,CV-18,"apps/core/test/human-approval-binding.test.ts","apps/core/test/human-approval-binding.test.ts",evidence/canva-migration/2026-09-11-run-1/CV-15/,VERIFIED
FR-053,"Rule proposals",Functional,CV-18,"apps/core/test/human-approval-binding.test.ts","apps/core/test/human-approval-binding.test.ts",evidence/canva-migration/2026-09-11-run-1/CV-15/,VERIFIED
FR-054,"Rule governance",Functional,CV-18,"apps/core/test/human-approval-binding.test.ts","apps/core/test/human-approval-binding.test.ts",evidence/canva-migration/2026-09-11-run-1/CV-15/,VERIFIED
FR-055,"Evaluation-case creation",Functional,CV-18;CV-21,"apps/core/test/verified-delivery-drive-sheets.test.ts","apps/core/test/verified-delivery-drive-sheets.test.ts",evidence/canva-migration/2026-09-11-run-1/CV-16/,VERIFIED
FR-056,"Model registry",Functional,CV-03;CV-10,"apps/core/test/verified-delivery-drive-sheets.test.ts","apps/core/test/verified-delivery-drive-sheets.test.ts",evidence/canva-migration/2026-09-11-run-1/CV-16/,VERIFIED
FR-057,"Model admission",Functional,CV-03;CV-10;CV-21,"apps/core/test/verified-delivery-drive-sheets.test.ts","apps/core/test/verified-delivery-drive-sheets.test.ts",evidence/canva-migration/2026-09-11-run-1/CV-16/,VERIFIED
FR-058,"Model fallback",Functional,CV-03;CV-10,"apps/core/test/verified-delivery-drive-sheets.test.ts","apps/core/test/verified-delivery-drive-sheets.test.ts",evidence/canva-migration/2026-09-11-run-1/CV-16/,VERIFIED
FR-059,"Provider outage handling",Functional,CV-03;CV-10;CV-20,"apps/core/test/fault-recovery-security-cv20.test.ts","apps/core/test/fault-recovery-security-cv20.test.ts",evidence/canva-migration/2026-09-11-run-1/CV-20/,VERIFIED
FR-060,"Workflow recovery",Functional,CV-05;CV-20;CV-22,"apps/core/test/fault-recovery-security-cv20.test.ts","apps/core/test/fault-recovery-security-cv20.test.ts",evidence/canva-migration/2026-09-11-run-1/CV-20/,VERIFIED
FR-061,"Manual workflow control",Functional,CV-05;CV-20,"apps/core/test/fault-recovery-security-cv20.test.ts","apps/core/test/fault-recovery-security-cv20.test.ts",evidence/canva-migration/2026-09-11-run-1/CV-20/,VERIFIED
FR-062,"Capacity control",Functional,CV-05;CV-10,"apps/core/test/governed-learning-cv18.test.ts","apps/core/test/governed-learning-cv18.test.ts",evidence/canva-migration/2026-09-11-run-1/CV-18/,VERIFIED
FR-063,"Operational inbox",Functional,CV-17,"apps/core/test/governed-learning-cv18.test.ts","apps/core/test/governed-learning-cv18.test.ts",evidence/canva-migration/2026-09-11-run-1/CV-18/,VERIFIED
FR-064,"Operations evidence",Functional,CV-01;CV-17;CV-20;CV-23;CV-24,"apps/core/test/fault-recovery-security-cv20.test.ts","apps/core/test/fault-recovery-security-cv20.test.ts",evidence/canva-migration/2026-09-11-run-1/CV-20/,VERIFIED
FR-065,"AI tracing",Functional,CV-20,"apps/core/test/fault-recovery-security-cv20.test.ts","apps/core/test/fault-recovery-security-cv20.test.ts",evidence/canva-migration/2026-09-11-run-1/CV-20/,VERIFIED
FR-066,"Data minimization",Functional,CV-06;CV-09;CV-18;CV-20,"apps/core/test/fault-recovery-security-cv20.test.ts","apps/core/test/fault-recovery-security-cv20.test.ts",evidence/canva-migration/2026-09-11-run-1/CV-20/,VERIFIED
FR-067,"Local-only policy",Functional,CV-09;CV-18;CV-20,"apps/core/test/fault-recovery-security-cv20.test.ts","apps/core/test/fault-recovery-security-cv20.test.ts",evidence/canva-migration/2026-09-11-run-1/CV-20/,VERIFIED
FR-068,"Prompt-injection boundary",Functional,CV-06;CV-20,"apps/core/test/fault-recovery-security-cv20.test.ts","apps/core/test/fault-recovery-security-cv20.test.ts",evidence/canva-migration/2026-09-11-run-1/CV-20/,VERIFIED
FR-069,"Audit trail",Functional,CV-01;CV-15;CV-20;CV-24,"apps/core/test/fault-recovery-security-cv20.test.ts","apps/core/test/fault-recovery-security-cv20.test.ts",evidence/canva-migration/2026-09-11-run-1/CV-20/,VERIFIED
FR-070,"Backup and restore",Functional,CV-01;CV-19;CV-20;CV-22;CV-24,"apps/core/test/cutover-reversible-release-cv22.test.ts","apps/core/test/cutover-reversible-release-cv22.test.ts",evidence/canva-migration/2026-09-11-run-1/CV-22/,VERIFIED
FR-071,"Adapter health",Functional,CV-07;CV-08;CV-17;CV-20,"apps/core/test/fault-recovery-security-cv20.test.ts","apps/core/test/fault-recovery-security-cv20.test.ts",evidence/canva-migration/2026-09-11-run-1/CV-20/,VERIFIED
FR-072,"WhatsApp isolation",Functional,CV-08;CV-20,"apps/core/test/fault-recovery-security-cv20.test.ts","apps/core/test/fault-recovery-security-cv20.test.ts",evidence/canva-migration/2026-09-11-run-1/CV-20/,VERIFIED
FR-073,"ComfyUI isolation",Functional,CV-20;CV-23,"apps/core/test/historical-migration-cv19.test.ts","apps/core/test/historical-migration-cv19.test.ts",evidence/canva-migration/2026-09-11-run-1/CV-19/,VERIFIED
FR-074,"Upstream pinning",Functional,CV-03;CV-20;CV-22;CV-23;CV-24,"apps/core/test/cutover-reversible-release-cv22.test.ts","apps/core/test/cutover-reversible-release-cv22.test.ts",evidence/canva-migration/2026-09-11-run-1/CV-22/,VERIFIED
FR-075,"Studio fallback export",Functional,CV-02;CV-13;CV-19;CV-22;CV-23,"apps/core/test/decommission-figma-editor-runtime-cv23.test.ts","apps/core/test/decommission-figma-editor-runtime-cv23.test.ts",evidence/canva-migration/2026-09-11-run-1/CV-23/,VERIFIED
FR-076,"Accessibility",Functional,CV-17,"apps/core/test/historical-migration-cv19.test.ts","apps/core/test/historical-migration-cv19.test.ts",evidence/canva-migration/2026-09-11-run-1/CV-19/,VERIFIED
FR-077,"Search and history",Functional,CV-17;CV-19,"apps/core/test/historical-migration-cv19.test.ts","apps/core/test/historical-migration-cv19.test.ts",evidence/canva-migration/2026-09-11-run-1/CV-19/,VERIFIED
FR-078,"Office configuration",Functional,CV-17,"apps/core/test/historical-migration-cv19.test.ts","apps/core/test/historical-migration-cv19.test.ts",evidence/canva-migration/2026-09-11-run-1/CV-19/,VERIFIED
FR-079,"Cost controls",Functional,CV-10;CV-21,"packages/testkit/test/three-client-production-pilot.test.ts","packages/testkit/test/three-client-production-pilot.test.ts",evidence/canva-migration/2026-09-11-run-1/CV-21/,VERIFIED
FR-080,"Safe deletion",Functional,CV-19;CV-23,"apps/core/test/decommission-figma-editor-runtime-cv23.test.ts","apps/core/test/decommission-figma-editor-runtime-cv23.test.ts",evidence/canva-migration/2026-09-11-run-1/CV-23/,VERIFIED
NFR-001,"Reliability",Non-Functional,CV-05;CV-20;CV-21,"apps/core/test/canva-work-quality-inspection.test.ts","apps/core/test/canva-work-quality-inspection.test.ts",evidence/canva-migration/2026-09-11-run-1/CV-14/,VERIFIED
NFR-002,"Availability",Non-Functional,CV-20,"apps/core/test/fault-recovery-security-cv20.test.ts","apps/core/test/fault-recovery-security-cv20.test.ts",evidence/canva-migration/2026-09-11-run-1/CV-20/,VERIFIED
NFR-003,"Recovery",Non-Functional,CV-05;CV-20;CV-22,"apps/core/test/cutover-reversible-release-cv22.test.ts","apps/core/test/cutover-reversible-release-cv22.test.ts",evidence/canva-migration/2026-09-11-run-1/CV-22/,VERIFIED
NFR-004,"Performance",Non-Functional,CV-17;CV-21,"packages/qa/test/rtl.test.ts","packages/qa/test/rtl.test.ts",evidence/canva-migration/2026-09-11-run-1/CV-14/,VERIFIED
NFR-005,"Scalability",Non-Functional,CV-21,"packages/qa/test/rtl.test.ts","packages/qa/test/rtl.test.ts",evidence/canva-migration/2026-09-11-run-1/CV-14/,VERIFIED
NFR-006,"Security",Non-Functional,CV-06;CV-20,"apps/core/test/auth-negative-controls.test.ts","apps/core/test/auth-negative-controls.test.ts",evidence/canva-migration/2026-09-11-run-1/CV-20/,VERIFIED
NFR-007,"Privacy",Non-Functional,CV-03;CV-06;CV-18;CV-20,"apps/core/test/auth-negative-controls.test.ts","apps/core/test/auth-negative-controls.test.ts",evidence/canva-migration/2026-09-11-run-1/CV-20/,VERIFIED
NFR-008,"Editability",Non-Functional,CV-12;CV-21,"apps/core/test/canva-work-quality-inspection.test.ts","apps/core/test/canva-work-quality-inspection.test.ts",evidence/canva-migration/2026-09-11-run-1/CV-14/,VERIFIED
NFR-009,"Multilingual correctness",Non-Functional,CV-12;CV-14;CV-21,"apps/core/test/canva-work-quality-inspection.test.ts","apps/core/test/canva-work-quality-inspection.test.ts",evidence/canva-migration/2026-09-11-run-1/CV-14/,VERIFIED
NFR-010,"Portability",Non-Functional,CV-02;CV-19,"packages/contracts/test/canva-binding.contract.test.ts","packages/contracts/test/canva-binding.contract.test.ts",evidence/canva-migration/2026-09-11-run-1/CV-04/,VERIFIED
NFR-011,"Observability",Non-Functional,CV-20,"apps/core/test/fault-recovery-security-cv20.test.ts","apps/core/test/fault-recovery-security-cv20.test.ts",evidence/canva-migration/2026-09-11-run-1/CV-20/,VERIFIED
NFR-012,"Maintainability",Non-Functional,CV-23,"apps/core/test/decommission-figma-editor-runtime-cv23.test.ts","apps/core/test/decommission-figma-editor-runtime-cv23.test.ts",evidence/canva-migration/2026-09-11-run-1/CV-23/,VERIFIED
NFR-013,"Upgrade safety",Non-Functional,CV-03;CV-20;CV-22,"apps/core/test/cutover-reversible-release-cv22.test.ts","apps/core/test/cutover-reversible-release-cv22.test.ts",evidence/canva-migration/2026-09-11-run-1/CV-22/,VERIFIED
NFR-014,"Determinism",Non-Functional,CV-05;CV-14,"apps/core/test/governed-learning-cv18.test.ts","apps/core/test/governed-learning-cv18.test.ts",evidence/canva-migration/2026-09-11-run-1/CV-18/,VERIFIED
NFR-015,"Auditability",Non-Functional,CV-01;CV-24,"apps/core/test/decommission-figma-editor-runtime-cv23.test.ts","apps/core/test/decommission-figma-editor-runtime-cv23.test.ts",evidence/canva-migration/2026-09-11-run-1/CV-24/,VERIFIED
NFR-016,"Usability",Non-Functional,CV-12;CV-17;CV-21,"packages/testkit/test/three-client-production-pilot.test.ts","packages/testkit/test/three-client-production-pilot.test.ts",evidence/canva-migration/2026-09-11-run-1/CV-21/,VERIFIED
NFR-017,"Failure clarity",Non-Functional,CV-20,"apps/core/test/fault-recovery-security-cv20.test.ts","apps/core/test/fault-recovery-security-cv20.test.ts",evidence/canva-migration/2026-09-11-run-1/CV-20/,VERIFIED
NFR-018,"Cost efficiency",Non-Functional,CV-10;CV-21;CV-23,"apps/core/test/decommission-figma-editor-runtime-cv23.test.ts","apps/core/test/decommission-figma-editor-runtime-cv23.test.ts",evidence/canva-migration/2026-09-11-run-1/CV-23/,VERIFIED
NFR-019,"Vendor independence",Non-Functional,CV-02;CV-19,"apps/core/test/canva-native-design.test.ts","apps/core/test/canva-native-design.test.ts",evidence/canva-migration/2026-09-11-run-1/CV-11/,VERIFIED
NFR-020,"Data integrity",Non-Functional,CV-04;CV-13;CV-20;CV-22,"apps/core/test/cutover-reversible-release-cv22.test.ts","apps/core/test/cutover-reversible-release-cv22.test.ts",evidence/canva-migration/2026-09-11-run-1/CV-22/,VERIFIED
NFR-021,"Accessibility",Non-Functional,CV-17;CV-21,"packages/evals/test/evals.test.ts","packages/evals/test/evals.test.ts",evidence/canva-migration/2026-09-11-run-1/CV-21/,VERIFIED
NFR-022,"Internationalization",Non-Functional,CV-17;CV-21,"packages/testkit/test/three-client-production-pilot.test.ts","packages/testkit/test/three-client-production-pilot.test.ts",evidence/canva-migration/2026-09-11-run-1/CV-21/,VERIFIED
NFR-023,"Deployment simplicity",Non-Functional,CV-23,"apps/core/test/decommission-figma-editor-runtime-cv23.test.ts","apps/core/test/decommission-figma-editor-runtime-cv23.test.ts",evidence/canva-migration/2026-09-11-run-1/CV-23/,VERIFIED
NFR-024,"Testability",Non-Functional,CV-20;CV-21;CV-24,"apps/core/test/fault-recovery-security-cv20.test.ts","apps/core/test/fault-recovery-security-cv20.test.ts",evidence/canva-migration/2026-09-11-run-1/CV-24/,VERIFIED
NFR-025,"Evidence discipline",Non-Functional,CV-21;CV-24,"packages/testkit/test/three-client-production-pilot.test.ts","packages/testkit/test/three-client-production-pilot.test.ts",evidence/canva-migration/2026-09-11-run-1/CV-24/,VERIFIED
