id,epic,title,requirement_ids,phase,priority,owner,dependencies,definition_of_done
B-000,Foundation,"Establish repository, CI, architecture fitness functions",NFR-012;NFR-013;NFR-024,Phase 0,P0,Platform,,typecheck/unit/contracts/security scanning and package validation pass
B-001,Proof,Execute HyCanvas and RTL proof sprint,FR-025;FR-029;FR-030;FR-031;FR-032;FR-033;FR-034;FR-035;FR-036;FR-037;FR-038;FR-039;FR-040;FR-041;FR-042;FR-043;FR-044,Phase 0,P0,Creative/QA,B-000,all critical proof gates pass or fallback ADR is activated
B-002,Proof,Run seed model and retrieval tournament,FR-020;FR-021;FR-022;FR-023;FR-024;FR-056;FR-057;FR-058,Phase 0,P0,AI/Evaluation,B-000,role candidates and fallback admission records exist
B-003,Recovery,Prove Restate/PostgreSQL failure recovery,FR-004;FR-060;FR-061;FR-062;FR-070,Phase 0,P0,Platform,B-000,fault injections produce one logical effect and clean restore passes
B-004,Intake,Canonical task creation,FR-001,Phase 1,P0,Backend/Integrations,B-000,"The system shall create tasks through Hawa Desk and adapter events without making any chat platform authoritative. Automated acceptance, authorization, retry/idempotency, telemetry, and operator documentation pass where applicable."
B-005,Intake,Raw event retention,FR-002,Phase 1,P1,Backend/Integrations,B-000,"The system shall preserve the normalized source event, source identifier, edit history, attachments, and thread context according to retention policy. Automated acceptance, authorization, retry/idempotency, telemetry, and operator documentation pass where applicable."
B-006,Intake,Webhook verification,FR-003,Phase 1,P0,Backend/Integrations,B-000,"Each adapter shall authenticate incoming events using the strongest source-supported mechanism before persistence. Automated acceptance, authorization, retry/idempotency, telemetry, and operator documentation pass where applicable."
B-007,Intake,Event idempotency,FR-004,Phase 1,P0,Backend/Integrations,B-000,"A repeated source event shall produce exactly one logical message event and no more than one task. Automated acceptance, authorization, retry/idempotency, telemetry, and operator documentation pass where applicable."
B-008,Intake,Task promotion,FR-005,Phase 1,P1,Backend/Integrations,B-000,"Passive messages shall become production tasks only through an explicit command, mention, reaction, Hawa Desk action, or approved classifier policy. Automated acceptance, authorization, retry/idempotency, telemetry, and operator documentation pass where applicable."
B-009,Intake,Manual intake,FR-006,Phase 1,P1,Backend/Integrations,B-000,"Authorized users shall create tasks directly in Hawa Desk with files, exact copy, dimensions, due date, and client/project selection. Automated acceptance, authorization, retry/idempotency, telemetry, and operator documentation pass where applicable."
B-010,Intake,Client channel mapping,FR-007,Phase 1,P1,Backend/Integrations,B-000,"The system shall support versioned mappings from channel, group, topic, sender, alias, and campaign code to allowed clients/projects. Automated acceptance, authorization, retry/idempotency, telemetry, and operator documentation pass where applicable."
B-011,Intake,Deterministic routing first,FR-008,Phase 1,P0,Backend/Integrations,B-000,"Client/project resolution shall apply deterministic evidence before model classification. Automated acceptance, authorization, retry/idempotency, telemetry, and operator documentation pass where applicable."
B-012,Intake,Candidate-limited AI routing,FR-009,Phase 1,P1,Backend/Integrations,B-000,"The routing model shall receive only clients/projects permitted for the source context. Automated acceptance, authorization, retry/idempotency, telemetry, and operator documentation pass where applicable."
B-013,Intake,Ambiguity gate,FR-010,Phase 1,P1,Backend/Integrations,B-000,"Conflicting or sub-threshold routing shall pause and require an authorized human selection. Automated acceptance, authorization, retry/idempotency, telemetry, and operator documentation pass where applicable."
B-014,Intake,Scope lock,FR-011,Phase 1,P1,Backend/Integrations,B-000,"The selected tenant/client scope shall be immutable for a generation attempt and established before retrieval. Automated acceptance, authorization, retry/idempotency, telemetry, and operator documentation pass where applicable."
B-015,Intake,Wrong-client correction,FR-012,Phase 1,P1,Backend/Integrations,B-000,"An authorized reviewer shall correct routing; downstream artifacts shall be invalidated and safely regenerated within the new scope. Automated acceptance, authorization, retry/idempotency, telemetry, and operator documentation pass where applicable."
B-016,Intake,Design brief schema,FR-013,Phase 1,P1,Backend/Integrations,B-000,"The system shall produce a schema-valid Design Brief containing exact copy, locale, direction, format, requirements, assets, constraints, risks, and missing facts. Automated acceptance, authorization, retry/idempotency, telemetry, and operator documentation pass where applicable."
B-017,Client DNA,No invented facts,FR-014,Phase 2,P0,AI/Retrieval,B-000;B-002,"The system shall never invent names, dates, prices, contacts, locations, legal claims, dimensions, or official slogans. Automated acceptance, authorization, retry/idempotency, telemetry, and operator documentation pass where applicable."
B-018,Client DNA,Exact-copy lock,FR-015,Phase 2,P1,AI/Retrieval,B-000;B-002,"User- or client-approved copy shall be stored separately from model suggestions and compared byte/normalization-aware before approval. Automated acceptance, authorization, retry/idempotency, telemetry, and operator documentation pass where applicable."
B-019,Client DNA,Task route selection,FR-016,Phase 2,P1,AI/Retrieval,B-000;B-002,"The system shall route work to template fill, editable AI composition, novel Creative Director workflow, or human-only design. Automated acceptance, authorization, retry/idempotency, telemetry, and operator documentation pass where applicable."
B-020,Client DNA,Client DNA,FR-017,Phase 2,P1,AI/Retrieval,B-000;B-002,"Each client shall have versioned authoritative brand identity, language rules, assets, templates, permissions, folder mappings, approval policy, and prohibited elements. Automated acceptance, authorization, retry/idempotency, telemetry, and operator documentation pass where applicable."
B-021,Client DNA,Knowledge ingestion,FR-018,Phase 2,P1,AI/Retrieval,B-000;B-002,"Authorized documents and visual examples shall be parsed, versioned, hashed, and indexed with provenance. Automated acceptance, authorization, retry/idempotency, telemetry, and operator documentation pass where applicable."
B-022,Client DNA,Curated ingestion scope,FR-019,Phase 2,P1,AI/Retrieval,B-000;B-002,"Only explicitly approved client knowledge locations and files shall be indexed. Automated acceptance, authorization, retry/idempotency, telemetry, and operator documentation pass where applicable."
B-023,Client DNA,Hybrid retrieval,FR-020,Phase 2,P0,AI/Retrieval,B-000;B-002,"Retrieval shall combine structured truth, exact/glossary search, PostgreSQL full-text/trigram search, multimodal embeddings, and reranking. Automated acceptance, authorization, retry/idempotency, telemetry, and operator documentation pass where applicable."
B-024,Client DNA,Client-first retrieval filter,FR-021,Phase 2,P1,AI/Retrieval,B-000;B-002,"Every retrieval query shall enforce tenant/client and approval/version filters before similarity ranking. Automated acceptance, authorization, retry/idempotency, telemetry, and operator documentation pass where applicable."
B-025,Client DNA,Positive/negative separation,FR-022,Phase 2,P1,AI/Retrieval,B-000;B-002,"Approved examples may be positive references; rejected designs shall be negative-only and include reasons. Automated acceptance, authorization, retry/idempotency, telemetry, and operator documentation pass where applicable."
B-026,Intelligence,Retrieval evidence,FR-023,Phase 2,P1,AI/Language,B-000;B-002,"Every Design Plan shall cite the exact rules, assets, examples, and feedback records used. Automated acceptance, authorization, retry/idempotency, telemetry, and operator documentation pass where applicable."
B-027,Intelligence,Private composition reference,FR-024,Phase 2,P1,AI/Language,B-000;B-002,"Novel designs may generate one private art-direction reference whose pixels shall never enter the shipped artifact. Automated acceptance, authorization, retry/idempotency, telemetry, and operator documentation pass where applicable."
B-028,Intelligence,Asset architecture,FR-025,Phase 2,P0,AI/Language,B-001;B-002,"The Creative Director shall select slot matrix, modular field, continuous scene, cutout stack, or layered collage before asset generation. Automated acceptance, authorization, retry/idempotency, telemetry, and operator documentation pass where applicable."
B-029,Intelligence,Independent visual assets,FR-026,Phase 2,P1,AI/Language,B-001;B-002,"Replaceable visual roles shall be generated or imported as independent assets when doing so preserves editability and quality. Automated acceptance, authorization, retry/idempotency, telemetry, and operator documentation pass where applicable."
B-030,Intelligence,Approved logos only,FR-027,Phase 2,P1,AI/Language,B-001;B-002,"Official logos shall be selected by immutable asset ID/hash and shall never be recreated by an image model. Automated acceptance, authorization, retry/idempotency, telemetry, and operator documentation pass where applicable."
B-031,Intelligence,Editable source,FR-028,Phase 2,P1,AI/Language,B-001;B-002,"Every automated graphic shall retain an editable structured source document with live text and independently addressable nodes. Automated acceptance, authorization, retry/idempotency, telemetry, and operator documentation pass where applicable."
B-032,Creative Studio,Canonical creative document,FR-029,Phase 3-4,P0,Creative/Studio,B-001;B-002,"The accepted studio document and its content hash shall be the authoritative creative structure for a revision. Automated acceptance, authorization, retry/idempotency, telemetry, and operator documentation pass where applicable."
B-033,Creative Studio,Studio adapter,FR-030,Phase 3-4,P1,Creative/Studio,B-001;B-002,"All business operations shall access the design engine through a versioned adapter contract. Automated acceptance, authorization, retry/idempotency, telemetry, and operator documentation pass where applicable."
B-034,Creative Studio,Local edit preservation,FR-031,Phase 3-4,P1,Creative/Studio,B-001;B-002,"A user shall modify one text, image, color, crop, or layout node without regenerating unrelated content. Automated acceptance, authorization, retry/idempotency, telemetry, and operator documentation pass where applicable."
B-035,Creative Studio,Design versioning,FR-032,Phase 3-4,P0,Creative/Studio,B-001;B-002,"Every saved revision shall create an immutable version record and preserve parent/child relationships. Automated acceptance, authorization, retry/idempotency, telemetry, and operator documentation pass where applicable."
B-036,Creative Studio,Multi-format variants,FR-033,Phase 3-4,P0,Creative/Studio,B-001;B-002,"The system shall generate required aspect ratios as linked variants while preserving explicit per-variant overrides. Automated acceptance, authorization, retry/idempotency, telemetry, and operator documentation pass where applicable."
B-037,Creative Studio,Sorani support,FR-034,Phase 3-4,P0,Creative/Studio,B-001;B-002,"The editor, renderer, QA, and review flow shall support Central Kurdish/Sorani script, punctuation, digits, fonts, and mixed-direction text. Automated acceptance, authorization, retry/idempotency, telemetry, and operator documentation pass where applicable."
B-038,Creative Studio,Arabic support,FR-035,Phase 3-4,P0,Creative/Studio,B-001;B-002,"The editor, renderer, QA, and review flow shall support Arabic shaping, direction, punctuation, digits, and mixed Latin segments. Automated acceptance, authorization, retry/idempotency, telemetry, and operator documentation pass where applicable."
B-039,Creative Studio,Language metadata,FR-036,Phase 3-4,P1,Creative/Studio,B-001;B-002,"Every text node shall carry locale, direction, canonical copy reference, and normalization policy. Automated acceptance, authorization, retry/idempotency, telemetry, and operator documentation pass where applicable."
B-040,Creative Studio,Font management,FR-037,Phase 3-4,P1,Creative/Studio,B-001;B-002,"Authorized users shall upload/version client fonts; the system shall validate licensing metadata and glyph coverage. Automated acceptance, authorization, retry/idempotency, telemetry, and operator documentation pass where applicable."
B-041,Creative Studio,Deterministic render QA,FR-038,Phase 3-4,P1,Creative/Studio,B-001;B-002,"The system shall validate schema, dimensions, file integrity, text overflow, clipping, glyphs, bidi behavior, safe zones, approved assets, and package completeness. Automated acceptance, authorization, retry/idempotency, telemetry, and operator documentation pass where applicable."
B-042,Creative Studio,Visual QA,FR-039,Phase 3-4,P0,QA/Language,B-001;B-002,"An independent vision model shall score a fixed rubric and return evidence-linked findings without overriding hard checks. Automated acceptance, authorization, retry/idempotency, telemetry, and operator documentation pass where applicable."
B-043,Creative Studio,Bounded repair,FR-040,Phase 3-4,P0,QA/Language,B-001;B-002,"Automatic repair shall run no more than two times per failed candidate unless a human explicitly authorizes another attempt. Automated acceptance, authorization, retry/idempotency, telemetry, and operator documentation pass where applicable."
B-044,Creative Studio,Human review,FR-041,Phase 3-4,P0,QA/Language,B-001;B-002,"Reviewers shall inspect full-size output, exact copy, references, QA evidence, and revision differences before approval. Automated acceptance, authorization, retry/idempotency, telemetry, and operator documentation pass where applicable."
B-045,Creative Studio,Structured revision,FR-042,Phase 3-4,P1,QA/Language,B-001;B-002,"A revision request shall identify scope, category, target nodes, priority, and whether the feedback is one-time or reusable. Automated acceptance, authorization, retry/idempotency, telemetry, and operator documentation pass where applicable."
B-046,Creative Studio,Approval authority,FR-043,Phase 3-4,P1,QA/Language,B-001;B-002,"Only users with the configured client/project role may approve or reject a design. Automated acceptance, authorization, retry/idempotency, telemetry, and operator documentation pass where applicable."
B-047,Creative Studio,Approval immutability,FR-044,Phase 3-4,P0,QA/Language,B-001;B-002,"Approval records shall be append-only and bound to an exact design/artifact hash. Automated acceptance, authorization, retry/idempotency, telemetry, and operator documentation pass where applicable."
B-048,Publication,Publication package,FR-045,Phase 5,P1,Backend/Integrations,B-001;B-003,"Approval shall produce final formats, editable source, assets, brief, design plan, QC report, provenance, and approval manifest. Automated acceptance, authorization, retry/idempotency, telemetry, and operator documentation pass where applicable."
B-049,Publication,Deterministic Drive destination,FR-046,Phase 5,P1,Backend/Integrations,B-001;B-003,"Drive IDs shall come from Client DNA; models shall not search for or choose destination folders. Automated acceptance, authorization, retry/idempotency, telemetry, and operator documentation pass where applicable."
B-050,Publication,Idempotent Drive upload,FR-047,Phase 5,P0,Backend/Integrations,B-001;B-003,"A retry shall reuse or verify existing files by task/revision/output/content hash rather than create duplicates. Automated acceptance, authorization, retry/idempotency, telemetry, and operator documentation pass where applicable."
B-051,Publication,Publication verification,FR-048,Phase 5,P0,Backend/Integrations,B-001;B-003,"The publisher shall read back file IDs, sizes, checksums/metadata, and permissions before marking completion. Automated acceptance, authorization, retry/idempotency, telemetry, and operator documentation pass where applicable."
B-052,Publication,Sheets upsert,FR-049,Phase 5,P0,Backend/Integrations,B-001;B-003,"The reporting sheet shall be updated by immutable task ID and stored row identity, never blind-appended on retries. Automated acceptance, authorization, retry/idempotency, telemetry, and operator documentation pass where applicable."
B-053,Publication,Publication reconciliation,FR-050,Phase 5,P0,Backend/Integrations,B-001;B-003,"A scheduled process shall compare PostgreSQL, Drive, and Sheet state and repair or flag divergence. Automated acceptance, authorization, retry/idempotency, telemetry, and operator documentation pass where applicable."
B-054,Publication,Thread notification,FR-051,Phase 5,P1,Backend/Integrations,B-001;B-003,"The originating adapter shall receive status and final links when permitted; notification failure shall not roll back publication. Automated acceptance, authorization, retry/idempotency, telemetry, and operator documentation pass where applicable."
B-055,Learning,Feedback ledger,FR-052,Phase 5,P1,AI/Product,B-001;B-003,"Every correction, approval, rejection, and manual edit shall become a structured feedback event. Automated acceptance, authorization, retry/idempotency, telemetry, and operator documentation pass where applicable."
B-056,Learning,Rule proposals,FR-053,Phase 5,P1,AI/Product,B-001;B-003,"Repeated or explicit corrections may create scoped candidate rules with supporting evidence. Automated acceptance, authorization, retry/idempotency, telemetry, and operator documentation pass where applicable."
B-057,Learning,Rule governance,FR-054,Phase 5,P0,AI/Product,B-001;B-003,"Only authorized humans may activate, retire, or supersede a Client DNA rule. Automated acceptance, authorization, retry/idempotency, telemetry, and operator documentation pass where applicable."
B-058,Learning,Evaluation-case creation,FR-055,Phase 5,P1,AI/Product,B-001;B-003,"Important failures and accepted edge cases shall be promotable into regression datasets. Automated acceptance, authorization, retry/idempotency, telemetry, and operator documentation pass where applicable."
B-059,Model Operations,Model registry,FR-056,Phase 0/4,P0,AI/Evaluation,B-002,"All model roles shall resolve through a versioned registry containing exact model ID, provider, parameters, limits, cost, policy, and evaluation status. Automated acceptance, authorization, retry/idempotency, telemetry, and operator documentation pass where applicable."
B-060,Model Operations,Model admission,FR-057,Phase 0/4,P0,AI/Evaluation,B-002,"A model/prompt/tool change shall not become primary until it passes the defined offline evaluation and canary gates. Automated acceptance, authorization, retry/idempotency, telemetry, and operator documentation pass where applicable."
B-061,Model Operations,Model fallback,FR-058,Phase 0/4,P0,AI/Evaluation,B-002,"Each critical model role shall have an evaluated fallback with explicitly allowed degradation. Automated acceptance, authorization, retry/idempotency, telemetry, and operator documentation pass where applicable."
B-062,Model Operations,Provider outage handling,FR-059,Phase 0/4,P1,AI/Evaluation,B-002,"Provider failures shall pause, retry, fall back according to policy, or request human action without losing completed work. Automated acceptance, authorization, retry/idempotency, telemetry, and operator documentation pass where applicable."
B-063,Reliability,Workflow recovery,FR-060,Phase 1-5,P0,Platform,B-003,"Every long-running task shall resume after worker/server restart without repeating completed non-idempotent side effects. Automated acceptance, authorization, retry/idempotency, telemetry, and operator documentation pass where applicable."
B-064,Reliability,Manual workflow control,FR-061,Phase 1-5,P1,Platform,B-003,"Operators shall pause, resume, cancel, replay, or restart from an approved checkpoint with an audit reason. Automated acceptance, authorization, retry/idempotency, telemetry, and operator documentation pass where applicable."
B-065,Reliability,Capacity control,FR-062,Phase 1-5,P1,Platform,B-003,"The system shall limit expensive model, GPU, render, and publication concurrency by office/client/task scope. Automated acceptance, authorization, retry/idempotency, telemetry, and operator documentation pass where applicable."
B-066,Reliability,Operational inbox,FR-063,Phase 1-5,P1,Platform,B-003,"Hawa Desk shall show new, blocked, generating, review, failed, publishing, and completed tasks with actionable reasons. Automated acceptance, authorization, retry/idempotency, telemetry, and operator documentation pass where applicable."
B-067,Reliability,Operations evidence,FR-064,Phase 1-5,P1,Platform,B-003,"A failed step shall expose sanitized inputs, outputs, attempts, error class, next safe action, and trace link. Automated acceptance, authorization, retry/idempotency, telemetry, and operator documentation pass where applicable."
B-068,Reliability,AI tracing,FR-065,Phase 1-5,P1,Platform,B-003,"Every AI call shall record role, exact model, prompt version, tool/schema version, token/asset cost, latency, and trace ID. Automated acceptance, authorization, retry/idempotency, telemetry, and operator documentation pass where applicable."
B-069,Security,Data minimization,FR-066,Phase 1/5,P0,Security/Platform,B-003,"Only the minimum client context required by a model call shall leave the office, subject to client egress policy. Automated acceptance, authorization, retry/idempotency, telemetry, and operator documentation pass where applicable."
B-070,Security,Local-only policy,FR-067,Phase 1/5,P1,Security/Platform,B-003,"A client/project may prohibit all external model calls and route to local models or humans. Automated acceptance, authorization, retry/idempotency, telemetry, and operator documentation pass where applicable."
B-071,Security,Prompt-injection boundary,FR-068,Phase 1/5,P0,Security/Platform,B-003,"Message/document instructions shall not alter permissions, system policies, tools, client scope, publication destination, or approval. Automated acceptance, authorization, retry/idempotency, telemetry, and operator documentation pass where applicable."
B-072,Security,Audit trail,FR-069,Phase 1/5,P0,Security/Platform,B-003,"Security- and business-relevant actions shall be append-only, attributable, timestamped, and queryable. Automated acceptance, authorization, retry/idempotency, telemetry, and operator documentation pass where applicable."
B-073,Security,Backup and restore,FR-070,Phase 1/5,P0,Security/Platform,B-003,"The system shall create encrypted backups and prove restoration on a clean environment at the defined cadence. Automated acceptance, authorization, retry/idempotency, telemetry, and operator documentation pass where applicable."
B-074,Security,Adapter health,FR-071,Phase 1/5,P1,Security/Platform,B-003,"The system shall monitor sequence gaps, authentication state, webhook health, and last successful reconciliation per adapter. Automated acceptance, authorization, retry/idempotency, telemetry, and operator documentation pass where applicable."
B-075,Security,WhatsApp isolation,FR-072,Phase 1/5,P0,Security/Platform,B-003,"WAHA shall run under a dedicated account and network/service boundary with a kill switch and no authoritative state. Automated acceptance, authorization, retry/idempotency, telemetry, and operator documentation pass where applicable."
B-076,Security,ComfyUI isolation,FR-073,Phase 1/5,P0,Security/Platform,B-003,"Only allowlisted, pinned, scanned ComfyUI nodes/workflows shall execute; workers shall not receive office database credentials. Automated acceptance, authorization, retry/idempotency, telemetry, and operator documentation pass where applicable."
B-077,Security,Upstream pinning,FR-074,Phase 1/5,P0,Security/Platform,B-003,"Editors, workflows, model weights, and critical containers shall be pinned by immutable version/digest and upgraded only through compatibility testing. Automated acceptance, authorization, retry/idempotency, telemetry, and operator documentation pass where applicable."
B-078,Portability,Studio fallback export,FR-075,Phase 3-5,P0,Creative/Studio,B-000,"The system shall retain enough neutral manifest data and standard exports to migrate a design away from the selected studio. Automated acceptance, authorization, retry/idempotency, telemetry, and operator documentation pass where applicable."
B-079,Portability,Accessibility,FR-076,Phase 3-5,P1,Creative/Studio,B-000,"Hawa Desk shall support keyboard navigation, visible focus, sufficient contrast, semantic status, and reduced motion. Automated acceptance, authorization, retry/idempotency, telemetry, and operator documentation pass where applicable."
B-080,Office UX,Search and history,FR-077,Phase 3-5,P1,Frontend/Product,B-000,"Authorized users shall search tasks, clients, copy, assets, feedback, and revisions without leaking other clients. Automated acceptance, authorization, retry/idempotency, telemetry, and operator documentation pass where applicable."
B-081,Office UX,Office configuration,FR-078,Phase 3-5,P1,Frontend/Product,B-000,"Admins shall configure clients, projects, adapters, roles, model policies, folders, templates, and review gates without code changes. Automated acceptance, authorization, retry/idempotency, telemetry, and operator documentation pass where applicable."
B-082,Office UX,Cost controls,FR-079,Phase 3-5,P1,Frontend/Product,B-000,"The system shall enforce per-role budgets, generation caps, and visible estimated/actual cost before expensive reruns. Automated acceptance, authorization, retry/idempotency, telemetry, and operator documentation pass where applicable."
B-083,Office UX,Safe deletion,FR-080,Phase 3-5,P1,Frontend/Product,B-000,"Destructive actions shall use retention-aware soft deletion and preserve audit; permanent purge requires explicit privileged workflow. Automated acceptance, authorization, retry/idempotency, telemetry, and operator documentation pass where applicable."
