id,risk,category,likelihood,impact,mitigation,owner,status,contingency
R-001,HyCanvas critical RTL/export defect,Technical,High,High,Phase 0 golden suite; patch/fallback renderer/studio,Senior engineer,Open until proof,Disable the affected studio version; preserve .hyc and neutral manifests; activate the admitted fallback editor or manual designer route.
R-002,HyCanvas maintenance or license changes,Vendor,Medium,High,pin release/source; neutral manifest; fallback drill,Product owner,Monitor quarterly,Disable the affected studio version; preserve .hyc and neutral manifests; activate the admitted fallback editor or manual designer route.
R-003,WAHA account restriction/breakage,Integration,High,Medium,dedicated account; optional; kill switch; Hawa Desk canonical,Operator,Accepted bounded risk,"Disable the adapter, reconcile from its last cursor where possible, and continue through Hawa Desk without losing canonical task state."
R-004,Cross-client retrieval leak,Security,Low after controls,Critical,filter before search; RLS; adversarial tests,Security reviewer,Zero tolerance,"Fail closed, revoke affected credentials/sessions, isolate the component, preserve evidence, and follow the security incident runbook before resuming."
R-005,Model invents protected fact,Quality,Medium,Critical,exact token lock; schema; hard QA; human review,AI engineer,Zero tolerance,Roll back the role registry to the last admitted snapshot; pause affected automation and route tasks to the tested fallback or human path.
R-006,Sorani spelling/tooling insufficient,Language,High,High,glossary; native review; evaluation corpus,Language reviewer,Managed,Block approval/export for the affected locale and route to the authoritative Chromium/manual typography path until the golden suite passes.
R-007,Bidi edge case not handled,Language,Medium,Critical,40+ golden cases; Chromium fallback; patch,Senior engineer,Zero critical escapes,"Pause the affected capability, preserve all task evidence, activate the documented manual/fallback path, and resume only after the acceptance gate passes."
R-008,ComfyUI malicious node,Security,Medium,Critical,isolated allowlist/pins/no credentials/no egress,Security reviewer,Managed,"Fail closed, revoke affected credentials/sessions, isolate the component, preserve evidence, and follow the security incident runbook before resuming."
R-009,Model/provider deprecation,Vendor,High,Medium,role registry; exact versions; fallback tournament,Model evaluator,Ongoing,Roll back the role registry to the last admitted snapshot; pause affected automation and route tasks to the tested fallback or human path.
R-010,External provider data-policy mismatch,Privacy,Medium,High,per-client egress; local route; vendor review,Product owner,Per client,Roll back the role registry to the last admitted snapshot; pause affected automation and route tasks to the tested fallback or human path.
R-011,Restate single-node outage,Infrastructure,Medium,High,Postgres inbox/outbox; backups; restart; warm spare later,Operator,Managed,"Quarantine the workflow and node set, preserve inputs, and use an admitted direct provider or manual asset route."
R-012,PostgreSQL data loss,Infrastructure,Low,Critical,mirrored disk; WAL/PITR; off-site; restore drill,Operator,Zero tolerance,"Stop writes, invoke the database/storage incident runbook, restore on a clean host from the last verified recovery point, and reconcile queued ingress."
R-013,Drive/Sheet divergence,Integration,Medium,Medium,saga states; hashes; reconciliation,Senior engineer,Expected/recoverable,"Keep the task in publication reconciliation, retain local source packages, and publish manually from Hawa Desk if the dependency remains unavailable."
R-014,Approval applied to changed design,Integrity,Low,Critical,immutable revision/QC hash; optimistic concurrency,Senior engineer,Zero tolerance,"Pause the affected capability, preserve all task evidence, activate the documented manual/fallback path, and resume only after the acceptance gate passes."
R-015,Flat output shipped without editable source,Product,Low,Critical,hard QA and publication constraint,Creative director,Zero tolerance,"Pause the affected capability, preserve all task evidence, activate the documented manual/fallback path, and resume only after the acceptance gate passes."
R-016,Creative output becomes generic/template-like,Quality,Medium,High,private reference/reconstruction; blind creative eval,Creative director,Monitor,"Pause the affected capability, preserve all task evidence, activate the documented manual/fallback path, and resume only after the acceptance gate passes."
R-017,Excessive model cost/retry loops,Cost,Medium,Medium,budgets; role routing; 2 repair cap; visibility,Product owner,Managed,Roll back the role registry to the last admitted snapshot; pause affected automation and route tasks to the tested fallback or human path.
R-018,GPU capacity insufficient,Capacity,Medium,Medium,benchmark first; queue; hosted fallback,AI engineer,Defer purchase decision,"Pause the affected capability, preserve all task evidence, activate the documented manual/fallback path, and resume only after the acceptance gate passes."
R-019,Source schema migration loses data,Integrity,Medium,High,copy migration; roundtrip/golden; backup,Senior engineer,Zero unexplained loss,"Pause the affected capability, preserve all task evidence, activate the documented manual/fallback path, and resume only after the acceptance gate passes."
R-020,Office cannot operate system without engineer,Operations,Medium,High,focused UX; runbooks; training; degraded mode,Product owner,Pilot gate,"Pause the affected capability, preserve all task evidence, activate the documented manual/fallback path, and resume only after the acceptance gate passes."
R-021,Client DNA is incomplete/stale,Data quality,High,High,curation workflow; effective dates; source provenance,Project manager,Ongoing,"Pause the affected capability, preserve all task evidence, activate the documented manual/fallback path, and resume only after the acceptance gate passes."
R-022,Feedback rules conflict,Learning,Medium,Medium,scope/authority/evidence; human governance,Client DNA manager,Managed,"Pause the affected capability, preserve all task evidence, activate the documented manual/fallback path, and resume only after the acceptance gate passes."
R-023,Backups exist but cannot restore,DR,Medium,Critical,quarterly clean-host restore and evidence,Office leadership,Zero tolerance,"Stop writes, invoke the database/storage incident runbook, restore on a clean host from the last verified recovery point, and reconcile queued ingress."
R-024,Provider gateway hides exclusive capability,Architecture,Medium,Medium,direct adapters; narrow interfaces,AI engineer,Avoided by design,Roll back the role registry to the last admitted snapshot; pause affected automation and route tasks to the tested fallback or human path.
R-025,Young repos copied wholesale without understanding,Technical,Medium,High,use adapters/ideas; pin and proof; small patches,Senior engineer,Avoided by design,"Pause the affected capability, preserve all task evidence, activate the documented manual/fallback path, and resume only after the acceptance gate passes."
R-026,Malicious uploaded SVG/PDF,Security,Medium,High,MIME/size/sandbox/sanitization/quarantine,Security reviewer,Managed,"Fail closed, revoke affected credentials/sessions, isolate the component, preserve evidence, and follow the security incident runbook before resuming."
R-027,Staff manually edits Sheet incorrectly,Operations,High,Low,Sheet mirror only; hidden task key; reconciliation,Operator,Accepted,"Keep the task in publication reconciliation, retain local source packages, and publish manually from Hawa Desk if the dependency remains unavailable."
R-028,Chat group surveillance/privacy concern,Privacy,Medium,Medium,selected groups; explicit promotion; retention policy,Office leadership,Policy decision,"Pause the affected capability, preserve all task evidence, activate the documented manual/fallback path, and resume only after the acceptance gate passes."
R-029,Visual judge shares creator blind spot,Quality,Medium,Medium,different family; seeded defect eval; hard QA,Model evaluator,Managed,"Pause the affected capability, preserve all task evidence, activate the documented manual/fallback path, and resume only after the acceptance gate passes."
R-030,Overengineering delays value,Delivery,Medium,High,one complete vertical slice; strict phase gates,Product owner,Monitor weekly,"Pause the affected capability, preserve all task evidence, activate the documented manual/fallback path, and resume only after the acceptance gate passes."
