requirement_id,type,requirement,source_document,phase,owner,verification,test_id,acceptance_evidence
FR-001,FR,The system shall create tasks through Hawa Desk and adapter events without making any chat platform authoritative.,docs/09_MESSAGING_AND_OFFICE_INBOX.md,Phase 1,Backend/Integrations,automated contract/integration/E2E test plus audit evidence,TEST-FR-001,"Pass evidence demonstrates: The system shall create tasks through Hawa Desk and adapter events without making any chat platform authoritative. | 2026-09-13 FINISH-SYSTEM PARTIAL: deployed durable chat intake, actual Opus layout/native editable Canva import, persisted exports and native copy/font inspection; 86 focused tests passed. Restart replay reused genuine Restate invocation and one design. Native copy 8/8 matches, required font FAILS. Release, visual/logo/print QA, Astra access, full chat delivery and governed learning remain OPEN. Evidence: output/repairs/2026-09-13-finish-system/REPORT.md and VERIFICATION.json; ADR024. | 2026-09-13 TELEGRAM FOLLOW-UP PARTIAL: actual intake/Opus/Canva succeeded; initial acknowledgment observed at 14:58. Fresh preview recovered after stale capture. Deployed truthful outbound receipts, offset-after-ingress acknowledgment and bounded stale preview retry. 24 targeted + 5 durability tests pass; broader legacy suite 5 failures remain. Automatic result notification remains OPEN. Evidence: output/repairs/2026-09-13-telegram-no-reply/REPORT.md."
FR-002,FR,"The system shall preserve the normalized source event, source identifier, edit history, attachments, and thread context according to retention policy.",docs/09_MESSAGING_AND_OFFICE_INBOX.md,Phase 1,Backend/Integrations,automated contract/integration/E2E test plus audit evidence,TEST-FR-002,"Pass evidence demonstrates: The system shall preserve the normalized source event, source identifier, edit history, attachments, and thread context according to retention policy. | 2026-09-13 FINISH-SYSTEM PARTIAL: deployed durable chat intake, actual Opus layout/native editable Canva import, persisted exports and native copy/font inspection; 86 focused tests passed. Restart replay reused genuine Restate invocation and one design. Native copy 8/8 matches, required font FAILS. Release, visual/logo/print QA, Astra access, full chat delivery and governed learning remain OPEN. Evidence: output/repairs/2026-09-13-finish-system/REPORT.md and VERIFICATION.json; ADR024. | 2026-09-13 TELEGRAM FOLLOW-UP PARTIAL: actual intake/Opus/Canva succeeded; initial acknowledgment observed at 14:58. Fresh preview recovered after stale capture. Deployed truthful outbound receipts, offset-after-ingress acknowledgment and bounded stale preview retry. 24 targeted + 5 durability tests pass; broader legacy suite 5 failures remain. Automatic result notification remains OPEN. Evidence: output/repairs/2026-09-13-telegram-no-reply/REPORT.md."
FR-003,FR,Each adapter shall authenticate incoming events using the strongest source-supported mechanism before persistence.,docs/09_MESSAGING_AND_OFFICE_INBOX.md,Phase 1,Backend/Integrations,automated contract/integration/E2E test plus audit evidence,TEST-FR-003,"Pass evidence demonstrates: Each adapter shall authenticate incoming events using the strongest source-supported mechanism before persistence. | 2026-09-13 FINISH-SYSTEM PARTIAL: deployed durable chat intake, actual Opus layout/native editable Canva import, persisted exports and native copy/font inspection; 86 focused tests passed. Restart replay reused genuine Restate invocation and one design. Native copy 8/8 matches, required font FAILS. Release, visual/logo/print QA, Astra access, full chat delivery and governed learning remain OPEN. Evidence: output/repairs/2026-09-13-finish-system/REPORT.md and VERIFICATION.json; ADR024. | 2026-09-13 TELEGRAM FOLLOW-UP PARTIAL: actual intake/Opus/Canva succeeded; initial acknowledgment observed at 14:58. Fresh preview recovered after stale capture. Deployed truthful outbound receipts, offset-after-ingress acknowledgment and bounded stale preview retry. 24 targeted + 5 durability tests pass; broader legacy suite 5 failures remain. Automatic result notification remains OPEN. Evidence: output/repairs/2026-09-13-telegram-no-reply/REPORT.md."
FR-004,FR,A repeated source event shall produce exactly one logical message event and no more than one task.,docs/09_MESSAGING_AND_OFFICE_INBOX.md,Phase 1,Backend/Integrations,automated contract/integration/E2E test plus audit evidence,TEST-FR-004,"Pass evidence demonstrates: A repeated source event shall produce exactly one logical message event and no more than one task. | 2026-09-13 FINISH-SYSTEM PARTIAL: deployed durable chat intake, actual Opus layout/native editable Canva import, persisted exports and native copy/font inspection; 86 focused tests passed. Restart replay reused genuine Restate invocation and one design. Native copy 8/8 matches, required font FAILS. Release, visual/logo/print QA, Astra access, full chat delivery and governed learning remain OPEN. Evidence: output/repairs/2026-09-13-finish-system/REPORT.md and VERIFICATION.json; ADR024. | 2026-09-13 TELEGRAM FOLLOW-UP PARTIAL: actual intake/Opus/Canva succeeded; initial acknowledgment observed at 14:58. Fresh preview recovered after stale capture. Deployed truthful outbound receipts, offset-after-ingress acknowledgment and bounded stale preview retry. 24 targeted + 5 durability tests pass; broader legacy suite 5 failures remain. Automatic result notification remains OPEN. Evidence: output/repairs/2026-09-13-telegram-no-reply/REPORT.md."
FR-005,FR,"Passive messages shall become production tasks only through an explicit command, mention, reaction, Hawa Desk action, or approved classifier policy.",docs/09_MESSAGING_AND_OFFICE_INBOX.md,Phase 1,Backend/Integrations,automated contract/integration/E2E test plus audit evidence,TEST-FR-005,"Pass evidence demonstrates: Passive messages shall become production tasks only through an explicit command, mention, reaction, Hawa Desk action, or approved classifier policy."
FR-006,FR,"Authorized users shall create tasks directly in Hawa Desk with files, exact copy, dimensions, due date, and client/project selection.",docs/09_MESSAGING_AND_OFFICE_INBOX.md,Phase 1,Backend/Integrations,automated contract/integration/E2E test plus audit evidence,TEST-FR-006,"Pass evidence demonstrates: Authorized users shall create tasks directly in Hawa Desk with files, exact copy, dimensions, due date, and client/project selection. | 2026-09-13 MAIN APP PARTIAL: deployed OAuth/blank Canva/manual edit-reopen/real PNG+standard PDF retrieval; full Desk request persistence and uncertain-response retry repaired. Original 1467 task IDs preserved. Native intelligence, semantic QA, delivery and legacy Telegram task durability remain OPEN. Evidence: output/repairs/2026-09-13-canva-production/REPORT.md and VERIFICATION.json. | 2026-09-13 FINISH-SYSTEM PARTIAL: deployed durable chat intake, actual Opus layout/native editable Canva import, persisted exports and native copy/font inspection; 86 focused tests passed. Restart replay reused genuine Restate invocation and one design. Native copy 8/8 matches, required font FAILS. Release, visual/logo/print QA, Astra access, full chat delivery and governed learning remain OPEN. Evidence: output/repairs/2026-09-13-finish-system/REPORT.md and VERIFICATION.json; ADR024."
FR-007,FR,"The system shall support versioned mappings from channel, group, topic, sender, alias, and campaign code to allowed clients/projects.",docs/09_MESSAGING_AND_OFFICE_INBOX.md,Phase 1,Backend/Integrations,automated contract/integration/E2E test plus audit evidence,TEST-FR-007,"Pass evidence demonstrates: The system shall support versioned mappings from channel, group, topic, sender, alias, and campaign code to allowed clients/projects."
FR-008,FR,Client/project resolution shall apply deterministic evidence before model classification.,docs/09_MESSAGING_AND_OFFICE_INBOX.md,Phase 1,Backend/Integrations,automated contract/integration/E2E test plus audit evidence,TEST-FR-008,Pass evidence demonstrates: Client/project resolution shall apply deterministic evidence before model classification.
FR-009,FR,The routing model shall receive only clients/projects permitted for the source context.,docs/09_MESSAGING_AND_OFFICE_INBOX.md,Phase 1,Backend/Integrations,automated contract/integration/E2E test plus audit evidence,TEST-FR-009,Pass evidence demonstrates: The routing model shall receive only clients/projects permitted for the source context.
FR-010,FR,Conflicting or sub-threshold routing shall pause and require an authorized human selection.,docs/09_MESSAGING_AND_OFFICE_INBOX.md,Phase 1,Backend/Integrations,automated contract/integration/E2E test plus audit evidence,TEST-FR-010,Pass evidence demonstrates: Conflicting or sub-threshold routing shall pause and require an authorized human selection.
FR-011,FR,The selected tenant/client scope shall be immutable for a generation attempt and established before retrieval.,docs/09_MESSAGING_AND_OFFICE_INBOX.md,Phase 1,Backend/Integrations,automated contract/integration/E2E test plus audit evidence,TEST-FR-011,"Pass evidence demonstrates: The selected tenant/client scope shall be immutable for a generation attempt and established before retrieval. | 2026-09-13: PARTIAL repair evidence in output/repairs/2026-09-13-ship-blockers/REPAIR_STATUS.md and VERIFICATION.json; native capture/composition, live delivery, exact-build production acceptance remain OPEN. This supersedes generic pass language as a completion assessment. | 2026-09-13 Canva-first PARTIAL: OAuth/blank native canvas/editor handoff/durable bounded exports implemented; 290 selected tests passed with real isolated PG and mocked Canva transport; live account blocked by MFA; native composition/semantic QA/approval/print not qualified. Evidence: output/repairs/2026-09-13-canva-first/REPORT.md; ADR023. | 2026-09-13 live Canva follow-up PARTIAL: genuine OAuth/native blank creation/manual edit-reopen/PNG+PDF/hash/restart proof passed in isolated deployment; stale output rejected; export retry UI repaired. Production, intelligent composition and semantic QA/release remain unqualified. Evidence: output/repairs/2026-09-13-canva-live/REPORT.md. | 2026-09-13 MAIN APP PARTIAL: deployed OAuth/blank Canva/manual edit-reopen/real PNG+standard PDF retrieval; full Desk request persistence and uncertain-response retry repaired. Original 1467 task IDs preserved. Native intelligence, semantic QA, delivery and legacy Telegram task durability remain OPEN. Evidence: output/repairs/2026-09-13-canva-production/REPORT.md and VERIFICATION.json. | 2026-09-13 FINISH-SYSTEM PARTIAL: deployed durable chat intake, actual Opus layout/native editable Canva import, persisted exports and native copy/font inspection; 86 focused tests passed. Restart replay reused genuine Restate invocation and one design. Native copy 8/8 matches, required font FAILS. Release, visual/logo/print QA, Astra access, full chat delivery and governed learning remain OPEN. Evidence: output/repairs/2026-09-13-finish-system/REPORT.md and VERIFICATION.json; ADR024."
FR-012,FR,An authorized reviewer shall correct routing; downstream artifacts shall be invalidated and safely regenerated within the new scope.,docs/09_MESSAGING_AND_OFFICE_INBOX.md,Phase 1,Backend/Integrations,automated contract/integration/E2E test plus audit evidence,TEST-FR-012,Pass evidence demonstrates: An authorized reviewer shall correct routing; downstream artifacts shall be invalidated and safely regenerated within the new scope.
FR-013,FR,"The system shall produce a schema-valid Design Brief containing exact copy, locale, direction, format, requirements, assets, constraints, risks, and missing facts.",docs/09_MESSAGING_AND_OFFICE_INBOX.md,Phase 1,Backend/Integrations,automated contract/integration/E2E test plus audit evidence,TEST-FR-013,"Pass evidence demonstrates: The system shall produce a schema-valid Design Brief containing exact copy, locale, direction, format, requirements, assets, constraints, risks, and missing facts."
FR-014,FR,"The system shall never invent names, dates, prices, contacts, locations, legal claims, dimensions, or official slogans.",docs/08_MEMORY_RAG_CLIENT_DNA.md,Phase 2,AI/Retrieval,automated contract/integration/E2E test plus audit evidence,TEST-FR-014,"Pass evidence demonstrates: The system shall never invent names, dates, prices, contacts, locations, legal claims, dimensions, or official slogans. | 2026-09-13: PARTIAL repair evidence in output/repairs/2026-09-13-ship-blockers/REPAIR_STATUS.md and VERIFICATION.json; native capture/composition, live delivery, exact-build production acceptance remain OPEN. This supersedes generic pass language as a completion assessment. | 2026-09-13 FINISH-SYSTEM PARTIAL: deployed durable chat intake, actual Opus layout/native editable Canva import, persisted exports and native copy/font inspection; 86 focused tests passed. Restart replay reused genuine Restate invocation and one design. Native copy 8/8 matches, required font FAILS. Release, visual/logo/print QA, Astra access, full chat delivery and governed learning remain OPEN. Evidence: output/repairs/2026-09-13-finish-system/REPORT.md and VERIFICATION.json; ADR024."
FR-015,FR,User- or client-approved copy shall be stored separately from model suggestions and compared byte/normalization-aware before approval.,docs/08_MEMORY_RAG_CLIENT_DNA.md,Phase 2,AI/Retrieval,automated contract/integration/E2E test plus audit evidence,TEST-FR-015,"Pass evidence demonstrates: User- or client-approved copy shall be stored separately from model suggestions and compared byte/normalization-aware before approval. | 2026-09-13: PARTIAL repair evidence in output/repairs/2026-09-13-ship-blockers/REPAIR_STATUS.md and VERIFICATION.json; native capture/composition, live delivery, exact-build production acceptance remain OPEN. This supersedes generic pass language as a completion assessment. | 2026-09-13 FINISH-SYSTEM PARTIAL: deployed durable chat intake, actual Opus layout/native editable Canva import, persisted exports and native copy/font inspection; 86 focused tests passed. Restart replay reused genuine Restate invocation and one design. Native copy 8/8 matches, required font FAILS. Release, visual/logo/print QA, Astra access, full chat delivery and governed learning remain OPEN. Evidence: output/repairs/2026-09-13-finish-system/REPORT.md and VERIFICATION.json; ADR024."
FR-016,FR,"The system shall route work to template fill, editable AI composition, novel Creative Director workflow, or human-only design.",docs/08_MEMORY_RAG_CLIENT_DNA.md,Phase 2,AI/Retrieval,automated contract/integration/E2E test plus audit evidence,TEST-FR-016,"Pass evidence demonstrates: The system shall route work to template fill, editable AI composition, novel Creative Director workflow, or human-only design."
FR-017,FR,"Each client shall have versioned authoritative brand identity, language rules, assets, templates, permissions, folder mappings, approval policy, and prohibited elements.",docs/08_MEMORY_RAG_CLIENT_DNA.md,Phase 2,AI/Retrieval,automated contract/integration/E2E test plus audit evidence,TEST-FR-017,"Pass evidence demonstrates: Each client shall have versioned authoritative brand identity, language rules, assets, templates, permissions, folder mappings, approval policy, and prohibited elements."
FR-018,FR,"Authorized documents and visual examples shall be parsed, versioned, hashed, and indexed with provenance.",docs/08_MEMORY_RAG_CLIENT_DNA.md,Phase 2,AI/Retrieval,automated contract/integration/E2E test plus audit evidence,TEST-FR-018,"Pass evidence demonstrates: Authorized documents and visual examples shall be parsed, versioned, hashed, and indexed with provenance."
FR-019,FR,Only explicitly approved client knowledge locations and files shall be indexed.,docs/08_MEMORY_RAG_CLIENT_DNA.md,Phase 2,AI/Retrieval,automated contract/integration/E2E test plus audit evidence,TEST-FR-019,Pass evidence demonstrates: Only explicitly approved client knowledge locations and files shall be indexed.
FR-020,FR,"Retrieval shall combine structured truth, exact/glossary search, PostgreSQL full-text/trigram search, multimodal embeddings, and reranking.",docs/08_MEMORY_RAG_CLIENT_DNA.md,Phase 2,AI/Retrieval,automated contract/integration/E2E test plus audit evidence,TEST-FR-020,"Pass evidence demonstrates: Retrieval shall combine structured truth, exact/glossary search, PostgreSQL full-text/trigram search, multimodal embeddings, and reranking."
FR-021,FR,Every retrieval query shall enforce tenant/client and approval/version filters before similarity ranking.,docs/08_MEMORY_RAG_CLIENT_DNA.md,Phase 2,AI/Retrieval,automated contract/integration/E2E test plus audit evidence,TEST-FR-021,Pass evidence demonstrates: Every retrieval query shall enforce tenant/client and approval/version filters before similarity ranking.
FR-022,FR,Approved examples may be positive references; rejected designs shall be negative-only and include reasons.,docs/08_MEMORY_RAG_CLIENT_DNA.md,Phase 2,AI/Retrieval,automated contract/integration/E2E test plus audit evidence,TEST-FR-022,Pass evidence demonstrates: Approved examples may be positive references; rejected designs shall be negative-only and include reasons.
FR-023,FR,"Every Design Plan shall cite the exact rules, assets, examples, and feedback records used.",docs/07_MODEL_REGISTRY_AND_EVALUATION.md,Phase 2,AI/Language,automated contract/integration/E2E test plus audit evidence,TEST-FR-023,"Pass evidence demonstrates: Every Design Plan shall cite the exact rules, assets, examples, and feedback records used. | 2026-09-13 FINISH-SYSTEM PARTIAL: deployed durable chat intake, actual Opus layout/native editable Canva import, persisted exports and native copy/font inspection; 86 focused tests passed. Restart replay reused genuine Restate invocation and one design. Native copy 8/8 matches, required font FAILS. Release, visual/logo/print QA, Astra access, full chat delivery and governed learning remain OPEN. Evidence: output/repairs/2026-09-13-finish-system/REPORT.md and VERIFICATION.json; ADR024."
FR-024,FR,Novel designs may generate one private art-direction reference whose pixels shall never enter the shipped artifact.,docs/07_MODEL_REGISTRY_AND_EVALUATION.md,Phase 2,AI/Language,automated contract/integration/E2E test plus audit evidence,TEST-FR-024,Pass evidence demonstrates: Novel designs may generate one private art-direction reference whose pixels shall never enter the shipped artifact.
FR-025,FR,"The Creative Director shall select slot matrix, modular field, continuous scene, cutout stack, or layered collage before asset generation.",docs/07_MODEL_REGISTRY_AND_EVALUATION.md,Phase 2,AI/Language,automated contract/integration/E2E test plus audit evidence,TEST-FR-025,"Pass evidence demonstrates: The Creative Director shall select slot matrix, modular field, continuous scene, cutout stack, or layered collage before asset generation."
FR-026,FR,Replaceable visual roles shall be generated or imported as independent assets when doing so preserves editability and quality.,docs/07_MODEL_REGISTRY_AND_EVALUATION.md,Phase 2,AI/Language,automated contract/integration/E2E test plus audit evidence,TEST-FR-026,Pass evidence demonstrates: Replaceable visual roles shall be generated or imported as independent assets when doing so preserves editability and quality.
FR-027,FR,Official logos shall be selected by immutable asset ID/hash and shall never be recreated by an image model.,docs/07_MODEL_REGISTRY_AND_EVALUATION.md,Phase 2,AI/Language,automated contract/integration/E2E test plus audit evidence,TEST-FR-027,"Pass evidence demonstrates: Official logos shall be selected by immutable asset ID/hash and shall never be recreated by an image model. | 2026-09-13: PARTIAL repair evidence in output/repairs/2026-09-13-ship-blockers/REPAIR_STATUS.md and VERIFICATION.json; native capture/composition, live delivery, exact-build production acceptance remain OPEN. This supersedes generic pass language as a completion assessment. | 2026-09-13 FINISH-SYSTEM PARTIAL: deployed durable chat intake, actual Opus layout/native editable Canva import, persisted exports and native copy/font inspection; 86 focused tests passed. Restart replay reused genuine Restate invocation and one design. Native copy 8/8 matches, required font FAILS. Release, visual/logo/print QA, Astra access, full chat delivery and governed learning remain OPEN. Evidence: output/repairs/2026-09-13-finish-system/REPORT.md and VERIFICATION.json; ADR024."
FR-028,FR,Every automated graphic shall retain an editable structured source document with live text and independently addressable nodes.,docs/07_MODEL_REGISTRY_AND_EVALUATION.md,Phase 2,AI/Language,automated contract/integration/E2E test plus audit evidence,TEST-FR-028,"Pass evidence demonstrates: Every automated graphic shall retain an editable structured source document with live text and independently addressable nodes. | 2026-09-13: PARTIAL repair evidence in output/repairs/2026-09-13-ship-blockers/REPAIR_STATUS.md and VERIFICATION.json; native capture/composition, live delivery, exact-build production acceptance remain OPEN. This supersedes generic pass language as a completion assessment. | 2026-09-13 Canva-first PARTIAL: OAuth/blank native canvas/editor handoff/durable bounded exports implemented; 290 selected tests passed with real isolated PG and mocked Canva transport; live account blocked by MFA; native composition/semantic QA/approval/print not qualified. Evidence: output/repairs/2026-09-13-canva-first/REPORT.md; ADR023. | 2026-09-13 live Canva follow-up PARTIAL: genuine OAuth/native blank creation/manual edit-reopen/PNG+PDF/hash/restart proof passed in isolated deployment; stale output rejected; export retry UI repaired. Production, intelligent composition and semantic QA/release remain unqualified. Evidence: output/repairs/2026-09-13-canva-live/REPORT.md. | 2026-09-13 MAIN APP PARTIAL: deployed OAuth/blank Canva/manual edit-reopen/real PNG+standard PDF retrieval; full Desk request persistence and uncertain-response retry repaired. Original 1467 task IDs preserved. Native intelligence, semantic QA, delivery and legacy Telegram task durability remain OPEN. Evidence: output/repairs/2026-09-13-canva-production/REPORT.md and VERIFICATION.json. | 2026-09-13 FINISH-SYSTEM PARTIAL: deployed durable chat intake, actual Opus layout/native editable Canva import, persisted exports and native copy/font inspection; 86 focused tests passed. Restart replay reused genuine Restate invocation and one design. Native copy 8/8 matches, required font FAILS. Release, visual/logo/print QA, Astra access, full chat delivery and governed learning remain OPEN. Evidence: output/repairs/2026-09-13-finish-system/REPORT.md and VERIFICATION.json; ADR024."
FR-029,FR,The accepted studio document and its content hash shall be the authoritative creative structure for a revision.,docs/05_CREATIVE_ENGINE.md,Phase 3-4,Creative/Studio,automated contract/integration/E2E test plus audit evidence,TEST-FR-029,"Pass evidence demonstrates: The accepted studio document and its content hash shall be the authoritative creative structure for a revision. | 2026-09-13: PARTIAL repair evidence in output/repairs/2026-09-13-ship-blockers/REPAIR_STATUS.md and VERIFICATION.json; native capture/composition, live delivery, exact-build production acceptance remain OPEN. This supersedes generic pass language as a completion assessment. | 2026-09-13 Canva-first PARTIAL: OAuth/blank native canvas/editor handoff/durable bounded exports implemented; 290 selected tests passed with real isolated PG and mocked Canva transport; live account blocked by MFA; native composition/semantic QA/approval/print not qualified. Evidence: output/repairs/2026-09-13-canva-first/REPORT.md; ADR023. | 2026-09-13 live Canva follow-up PARTIAL: genuine OAuth/native blank creation/manual edit-reopen/PNG+PDF/hash/restart proof passed in isolated deployment; stale output rejected; export retry UI repaired. Production, intelligent composition and semantic QA/release remain unqualified. Evidence: output/repairs/2026-09-13-canva-live/REPORT.md. | 2026-09-13 MAIN APP PARTIAL: deployed OAuth/blank Canva/manual edit-reopen/real PNG+standard PDF retrieval; full Desk request persistence and uncertain-response retry repaired. Original 1467 task IDs preserved. Native intelligence, semantic QA, delivery and legacy Telegram task durability remain OPEN. Evidence: output/repairs/2026-09-13-canva-production/REPORT.md and VERIFICATION.json."
FR-030,FR,All business operations shall access the design engine through a versioned adapter contract.,docs/05_CREATIVE_ENGINE.md,Phase 3-4,Creative/Studio,automated contract/integration/E2E test plus audit evidence,TEST-FR-030,"Pass evidence demonstrates: All business operations shall access the design engine through a versioned adapter contract. | 2026-09-13: PARTIAL repair evidence in output/repairs/2026-09-13-ship-blockers/REPAIR_STATUS.md and VERIFICATION.json; native capture/composition, live delivery, exact-build production acceptance remain OPEN. This supersedes generic pass language as a completion assessment. | 2026-09-13 Canva-first PARTIAL: OAuth/blank native canvas/editor handoff/durable bounded exports implemented; 290 selected tests passed with real isolated PG and mocked Canva transport; live account blocked by MFA; native composition/semantic QA/approval/print not qualified. Evidence: output/repairs/2026-09-13-canva-first/REPORT.md; ADR023. | 2026-09-13 live Canva follow-up PARTIAL: genuine OAuth/native blank creation/manual edit-reopen/PNG+PDF/hash/restart proof passed in isolated deployment; stale output rejected; export retry UI repaired. Production, intelligent composition and semantic QA/release remain unqualified. Evidence: output/repairs/2026-09-13-canva-live/REPORT.md. | 2026-09-13 MAIN APP PARTIAL: deployed OAuth/blank Canva/manual edit-reopen/real PNG+standard PDF retrieval; full Desk request persistence and uncertain-response retry repaired. Original 1467 task IDs preserved. Native intelligence, semantic QA, delivery and legacy Telegram task durability remain OPEN. Evidence: output/repairs/2026-09-13-canva-production/REPORT.md and VERIFICATION.json. | 2026-09-13 FINISH-SYSTEM PARTIAL: deployed durable chat intake, actual Opus layout/native editable Canva import, persisted exports and native copy/font inspection; 86 focused tests passed. Restart replay reused genuine Restate invocation and one design. Native copy 8/8 matches, required font FAILS. Release, visual/logo/print QA, Astra access, full chat delivery and governed learning remain OPEN. Evidence: output/repairs/2026-09-13-finish-system/REPORT.md and VERIFICATION.json; ADR024. | 2026-09-13 CANVA-ONLY RETIREMENT: archived alternative adapters/contracts/deployments/UI outside builds; live retired routes return 410; 77 selected tests plus 16 fixture tests pass; task and Canva binding identity snapshots unchanged. This qualifies retirement only, not visual quality or automatic completion replies. Evidence: output/repairs/2026-09-13-canva-only/REPORT.md; ADR025."
FR-031,FR,"A user shall modify one text, image, color, crop, or layout node without regenerating unrelated content.",docs/05_CREATIVE_ENGINE.md,Phase 3-4,Creative/Studio,automated contract/integration/E2E test plus audit evidence,TEST-FR-031,"Pass evidence demonstrates: A user shall modify one text, image, color, crop, or layout node without regenerating unrelated content. | 2026-09-13 Canva-first PARTIAL: OAuth/blank native canvas/editor handoff/durable bounded exports implemented; 290 selected tests passed with real isolated PG and mocked Canva transport; live account blocked by MFA; native composition/semantic QA/approval/print not qualified. Evidence: output/repairs/2026-09-13-canva-first/REPORT.md; ADR023. | 2026-09-13 live Canva follow-up PARTIAL: genuine OAuth/native blank creation/manual edit-reopen/PNG+PDF/hash/restart proof passed in isolated deployment; stale output rejected; export retry UI repaired. Production, intelligent composition and semantic QA/release remain unqualified. Evidence: output/repairs/2026-09-13-canva-live/REPORT.md. | 2026-09-13 MAIN APP PARTIAL: deployed OAuth/blank Canva/manual edit-reopen/real PNG+standard PDF retrieval; full Desk request persistence and uncertain-response retry repaired. Original 1467 task IDs preserved. Native intelligence, semantic QA, delivery and legacy Telegram task durability remain OPEN. Evidence: output/repairs/2026-09-13-canva-production/REPORT.md and VERIFICATION.json. | 2026-09-13 FINISH-SYSTEM PARTIAL: deployed durable chat intake, actual Opus layout/native editable Canva import, persisted exports and native copy/font inspection; 86 focused tests passed. Restart replay reused genuine Restate invocation and one design. Native copy 8/8 matches, required font FAILS. Release, visual/logo/print QA, Astra access, full chat delivery and governed learning remain OPEN. Evidence: output/repairs/2026-09-13-finish-system/REPORT.md and VERIFICATION.json; ADR024."
FR-032,FR,Every saved revision shall create an immutable version record and preserve parent/child relationships.,docs/05_CREATIVE_ENGINE.md,Phase 3-4,Creative/Studio,automated contract/integration/E2E test plus audit evidence,TEST-FR-032,"Pass evidence demonstrates: Every saved revision shall create an immutable version record and preserve parent/child relationships. | 2026-09-13 Canva-first PARTIAL: OAuth/blank native canvas/editor handoff/durable bounded exports implemented; 290 selected tests passed with real isolated PG and mocked Canva transport; live account blocked by MFA; native composition/semantic QA/approval/print not qualified. Evidence: output/repairs/2026-09-13-canva-first/REPORT.md; ADR023. | 2026-09-13 live Canva follow-up PARTIAL: genuine OAuth/native blank creation/manual edit-reopen/PNG+PDF/hash/restart proof passed in isolated deployment; stale output rejected; export retry UI repaired. Production, intelligent composition and semantic QA/release remain unqualified. Evidence: output/repairs/2026-09-13-canva-live/REPORT.md. | 2026-09-13 MAIN APP PARTIAL: deployed OAuth/blank Canva/manual edit-reopen/real PNG+standard PDF retrieval; full Desk request persistence and uncertain-response retry repaired. Original 1467 task IDs preserved. Native intelligence, semantic QA, delivery and legacy Telegram task durability remain OPEN. Evidence: output/repairs/2026-09-13-canva-production/REPORT.md and VERIFICATION.json."
FR-033,FR,The system shall generate required aspect ratios as linked variants while preserving explicit per-variant overrides.,docs/05_CREATIVE_ENGINE.md,Phase 3-4,Creative/Studio,automated contract/integration/E2E test plus audit evidence,TEST-FR-033,Pass evidence demonstrates: The system shall generate required aspect ratios as linked variants while preserving explicit per-variant overrides.
FR-034,FR,"The editor, renderer, QA, and review flow shall support Central Kurdish/Sorani script, punctuation, digits, fonts, and mixed-direction text.",docs/05_CREATIVE_ENGINE.md,Phase 3-4,Creative/Studio,automated contract/integration/E2E test plus audit evidence,TEST-FR-034,"Pass evidence demonstrates: The editor, renderer, QA, and review flow shall support Central Kurdish/Sorani script, punctuation, digits, fonts, and mixed-direction text."
FR-035,FR,"The editor, renderer, QA, and review flow shall support Arabic shaping, direction, punctuation, digits, and mixed Latin segments.",docs/05_CREATIVE_ENGINE.md,Phase 3-4,Creative/Studio,automated contract/integration/E2E test plus audit evidence,TEST-FR-035,"Pass evidence demonstrates: The editor, renderer, QA, and review flow shall support Arabic shaping, direction, punctuation, digits, and mixed Latin segments."
FR-036,FR,"Every text node shall carry locale, direction, canonical copy reference, and normalization policy.",docs/05_CREATIVE_ENGINE.md,Phase 3-4,Creative/Studio,automated contract/integration/E2E test plus audit evidence,TEST-FR-036,"Pass evidence demonstrates: Every text node shall carry locale, direction, canonical copy reference, and normalization policy."
FR-037,FR,Authorized users shall upload/version client fonts; the system shall validate licensing metadata and glyph coverage.,docs/05_CREATIVE_ENGINE.md,Phase 3-4,Creative/Studio,automated contract/integration/E2E test plus audit evidence,TEST-FR-037,"Pass evidence demonstrates: Authorized users shall upload/version client fonts; the system shall validate licensing metadata and glyph coverage. | 2026-09-13 FINISH-SYSTEM PARTIAL: deployed durable chat intake, actual Opus layout/native editable Canva import, persisted exports and native copy/font inspection; 86 focused tests passed. Restart replay reused genuine Restate invocation and one design. Native copy 8/8 matches, required font FAILS. Release, visual/logo/print QA, Astra access, full chat delivery and governed learning remain OPEN. Evidence: output/repairs/2026-09-13-finish-system/REPORT.md and VERIFICATION.json; ADR024."
FR-038,FR,"The system shall validate schema, dimensions, file integrity, text overflow, clipping, glyphs, bidi behavior, safe zones, approved assets, and package completeness.",docs/05_CREATIVE_ENGINE.md,Phase 3-4,Creative/Studio,automated contract/integration/E2E test plus audit evidence,TEST-FR-038,"Pass evidence demonstrates: The system shall validate schema, dimensions, file integrity, text overflow, clipping, glyphs, bidi behavior, safe zones, approved assets, and package completeness. | 2026-09-13: PARTIAL repair evidence in output/repairs/2026-09-13-ship-blockers/REPAIR_STATUS.md and VERIFICATION.json; native capture/composition, live delivery, exact-build production acceptance remain OPEN. This supersedes generic pass language as a completion assessment. | 2026-09-13 Canva-first PARTIAL: OAuth/blank native canvas/editor handoff/durable bounded exports implemented; 290 selected tests passed with real isolated PG and mocked Canva transport; live account blocked by MFA; native composition/semantic QA/approval/print not qualified. Evidence: output/repairs/2026-09-13-canva-first/REPORT.md; ADR023. | 2026-09-13 live Canva follow-up PARTIAL: genuine OAuth/native blank creation/manual edit-reopen/PNG+PDF/hash/restart proof passed in isolated deployment; stale output rejected; export retry UI repaired. Production, intelligent composition and semantic QA/release remain unqualified. Evidence: output/repairs/2026-09-13-canva-live/REPORT.md. | 2026-09-13 MAIN APP PARTIAL: deployed OAuth/blank Canva/manual edit-reopen/real PNG+standard PDF retrieval; full Desk request persistence and uncertain-response retry repaired. Original 1467 task IDs preserved. Native intelligence, semantic QA, delivery and legacy Telegram task durability remain OPEN. Evidence: output/repairs/2026-09-13-canva-production/REPORT.md and VERIFICATION.json. | 2026-09-13 FINISH-SYSTEM PARTIAL: deployed durable chat intake, actual Opus layout/native editable Canva import, persisted exports and native copy/font inspection; 86 focused tests passed. Restart replay reused genuine Restate invocation and one design. Native copy 8/8 matches, required font FAILS. Release, visual/logo/print QA, Astra access, full chat delivery and governed learning remain OPEN. Evidence: output/repairs/2026-09-13-finish-system/REPORT.md and VERIFICATION.json; ADR024."
FR-039,FR,An independent vision model shall score a fixed rubric and return evidence-linked findings without overriding hard checks.,docs/11_QA_RTL_MULTILINGUAL.md,Phase 3-4,QA/Language,automated contract/integration/E2E test plus audit evidence,TEST-FR-039,Pass evidence demonstrates: An independent vision model shall score a fixed rubric and return evidence-linked findings without overriding hard checks.
FR-040,FR,Automatic repair shall run no more than two times per failed candidate unless a human explicitly authorizes another attempt.,docs/11_QA_RTL_MULTILINGUAL.md,Phase 3-4,QA/Language,automated contract/integration/E2E test plus audit evidence,TEST-FR-040,Pass evidence demonstrates: Automatic repair shall run no more than two times per failed candidate unless a human explicitly authorizes another attempt.
FR-041,FR,"Reviewers shall inspect full-size output, exact copy, references, QA evidence, and revision differences before approval.",docs/11_QA_RTL_MULTILINGUAL.md,Phase 3-4,QA/Language,automated contract/integration/E2E test plus audit evidence,TEST-FR-041,"Pass evidence demonstrates: Reviewers shall inspect full-size output, exact copy, references, QA evidence, and revision differences before approval."
FR-042,FR,"A revision request shall identify scope, category, target nodes, priority, and whether the feedback is one-time or reusable.",docs/11_QA_RTL_MULTILINGUAL.md,Phase 3-4,QA/Language,automated contract/integration/E2E test plus audit evidence,TEST-FR-042,"Pass evidence demonstrates: A revision request shall identify scope, category, target nodes, priority, and whether the feedback is one-time or reusable."
FR-043,FR,Only users with the configured client/project role may approve or reject a design.,docs/11_QA_RTL_MULTILINGUAL.md,Phase 3-4,QA/Language,automated contract/integration/E2E test plus audit evidence,TEST-FR-043,"Pass evidence demonstrates: Only users with the configured client/project role may approve or reject a design. | 2026-09-13: PARTIAL repair evidence in output/repairs/2026-09-13-ship-blockers/REPAIR_STATUS.md and VERIFICATION.json; native capture/composition, live delivery, exact-build production acceptance remain OPEN. This supersedes generic pass language as a completion assessment. | 2026-09-13 Canva-first PARTIAL: OAuth/blank native canvas/editor handoff/durable bounded exports implemented; 290 selected tests passed with real isolated PG and mocked Canva transport; live account blocked by MFA; native composition/semantic QA/approval/print not qualified. Evidence: output/repairs/2026-09-13-canva-first/REPORT.md; ADR023. | 2026-09-13 live Canva follow-up PARTIAL: genuine OAuth/native blank creation/manual edit-reopen/PNG+PDF/hash/restart proof passed in isolated deployment; stale output rejected; export retry UI repaired. Production, intelligent composition and semantic QA/release remain unqualified. Evidence: output/repairs/2026-09-13-canva-live/REPORT.md. | 2026-09-13 MAIN APP PARTIAL: deployed OAuth/blank Canva/manual edit-reopen/real PNG+standard PDF retrieval; full Desk request persistence and uncertain-response retry repaired. Original 1467 task IDs preserved. Native intelligence, semantic QA, delivery and legacy Telegram task durability remain OPEN. Evidence: output/repairs/2026-09-13-canva-production/REPORT.md and VERIFICATION.json."
FR-044,FR,Approval records shall be append-only and bound to an exact design/artifact hash.,docs/11_QA_RTL_MULTILINGUAL.md,Phase 3-4,QA/Language,automated contract/integration/E2E test plus audit evidence,TEST-FR-044,"Pass evidence demonstrates: Approval records shall be append-only and bound to an exact design/artifact hash. | 2026-09-13: PARTIAL repair evidence in output/repairs/2026-09-13-ship-blockers/REPAIR_STATUS.md and VERIFICATION.json; native capture/composition, live delivery, exact-build production acceptance remain OPEN. This supersedes generic pass language as a completion assessment. | 2026-09-13 Canva-first PARTIAL: OAuth/blank native canvas/editor handoff/durable bounded exports implemented; 290 selected tests passed with real isolated PG and mocked Canva transport; live account blocked by MFA; native composition/semantic QA/approval/print not qualified. Evidence: output/repairs/2026-09-13-canva-first/REPORT.md; ADR023. | 2026-09-13 live Canva follow-up PARTIAL: genuine OAuth/native blank creation/manual edit-reopen/PNG+PDF/hash/restart proof passed in isolated deployment; stale output rejected; export retry UI repaired. Production, intelligent composition and semantic QA/release remain unqualified. Evidence: output/repairs/2026-09-13-canva-live/REPORT.md. | 2026-09-13 MAIN APP PARTIAL: deployed OAuth/blank Canva/manual edit-reopen/real PNG+standard PDF retrieval; full Desk request persistence and uncertain-response retry repaired. Original 1467 task IDs preserved. Native intelligence, semantic QA, delivery and legacy Telegram task durability remain OPEN. Evidence: output/repairs/2026-09-13-canva-production/REPORT.md and VERIFICATION.json."
FR-045,FR,"Approval shall produce final formats, editable source, assets, brief, design plan, QC report, provenance, and approval manifest.",docs/13_GOOGLE_DRIVE_SHEETS.md,Phase 5,Backend/Integrations,automated contract/integration/E2E test plus audit evidence,TEST-FR-045,"Pass evidence demonstrates: Approval shall produce final formats, editable source, assets, brief, design plan, QC report, provenance, and approval manifest. | 2026-09-13: PARTIAL repair evidence in output/repairs/2026-09-13-ship-blockers/REPAIR_STATUS.md and VERIFICATION.json; native capture/composition, live delivery, exact-build production acceptance remain OPEN. This supersedes generic pass language as a completion assessment. | 2026-09-13 Canva-first PARTIAL: OAuth/blank native canvas/editor handoff/durable bounded exports implemented; 290 selected tests passed with real isolated PG and mocked Canva transport; live account blocked by MFA; native composition/semantic QA/approval/print not qualified. Evidence: output/repairs/2026-09-13-canva-first/REPORT.md; ADR023. | 2026-09-13 live Canva follow-up PARTIAL: genuine OAuth/native blank creation/manual edit-reopen/PNG+PDF/hash/restart proof passed in isolated deployment; stale output rejected; export retry UI repaired. Production, intelligent composition and semantic QA/release remain unqualified. Evidence: output/repairs/2026-09-13-canva-live/REPORT.md. | 2026-09-13 MAIN APP PARTIAL: deployed OAuth/blank Canva/manual edit-reopen/real PNG+standard PDF retrieval; full Desk request persistence and uncertain-response retry repaired. Original 1467 task IDs preserved. Native intelligence, semantic QA, delivery and legacy Telegram task durability remain OPEN. Evidence: output/repairs/2026-09-13-canva-production/REPORT.md and VERIFICATION.json."
FR-046,FR,Drive IDs shall come from Client DNA; models shall not search for or choose destination folders.,docs/13_GOOGLE_DRIVE_SHEETS.md,Phase 5,Backend/Integrations,automated contract/integration/E2E test plus audit evidence,TEST-FR-046,"Pass evidence demonstrates: Drive IDs shall come from Client DNA; models shall not search for or choose destination folders. | 2026-09-13: PARTIAL repair evidence in output/repairs/2026-09-13-ship-blockers/REPAIR_STATUS.md and VERIFICATION.json; native capture/composition, live delivery, exact-build production acceptance remain OPEN. This supersedes generic pass language as a completion assessment. | 2026-09-13 Canva-first PARTIAL: OAuth/blank native canvas/editor handoff/durable bounded exports implemented; 290 selected tests passed with real isolated PG and mocked Canva transport; live account blocked by MFA; native composition/semantic QA/approval/print not qualified. Evidence: output/repairs/2026-09-13-canva-first/REPORT.md; ADR023. | 2026-09-13 live Canva follow-up PARTIAL: genuine OAuth/native blank creation/manual edit-reopen/PNG+PDF/hash/restart proof passed in isolated deployment; stale output rejected; export retry UI repaired. Production, intelligent composition and semantic QA/release remain unqualified. Evidence: output/repairs/2026-09-13-canva-live/REPORT.md. | 2026-09-13 MAIN APP PARTIAL: deployed OAuth/blank Canva/manual edit-reopen/real PNG+standard PDF retrieval; full Desk request persistence and uncertain-response retry repaired. Original 1467 task IDs preserved. Native intelligence, semantic QA, delivery and legacy Telegram task durability remain OPEN. Evidence: output/repairs/2026-09-13-canva-production/REPORT.md and VERIFICATION.json."
FR-047,FR,A retry shall reuse or verify existing files by task/revision/output/content hash rather than create duplicates.,docs/13_GOOGLE_DRIVE_SHEETS.md,Phase 5,Backend/Integrations,automated contract/integration/E2E test plus audit evidence,TEST-FR-047,"Pass evidence demonstrates: A retry shall reuse or verify existing files by task/revision/output/content hash rather than create duplicates. | 2026-09-13: PARTIAL repair evidence in output/repairs/2026-09-13-ship-blockers/REPAIR_STATUS.md and VERIFICATION.json; native capture/composition, live delivery, exact-build production acceptance remain OPEN. This supersedes generic pass language as a completion assessment. | 2026-09-13 Canva-first PARTIAL: OAuth/blank native canvas/editor handoff/durable bounded exports implemented; 290 selected tests passed with real isolated PG and mocked Canva transport; live account blocked by MFA; native composition/semantic QA/approval/print not qualified. Evidence: output/repairs/2026-09-13-canva-first/REPORT.md; ADR023. | 2026-09-13 live Canva follow-up PARTIAL: genuine OAuth/native blank creation/manual edit-reopen/PNG+PDF/hash/restart proof passed in isolated deployment; stale output rejected; export retry UI repaired. Production, intelligent composition and semantic QA/release remain unqualified. Evidence: output/repairs/2026-09-13-canva-live/REPORT.md. | 2026-09-13 MAIN APP PARTIAL: deployed OAuth/blank Canva/manual edit-reopen/real PNG+standard PDF retrieval; full Desk request persistence and uncertain-response retry repaired. Original 1467 task IDs preserved. Native intelligence, semantic QA, delivery and legacy Telegram task durability remain OPEN. Evidence: output/repairs/2026-09-13-canva-production/REPORT.md and VERIFICATION.json."
FR-048,FR,"The publisher shall read back file IDs, sizes, checksums/metadata, and permissions before marking completion.",docs/13_GOOGLE_DRIVE_SHEETS.md,Phase 5,Backend/Integrations,automated contract/integration/E2E test plus audit evidence,TEST-FR-048,"Pass evidence demonstrates: The publisher shall read back file IDs, sizes, checksums/metadata, and permissions before marking completion. | 2026-09-13: PARTIAL repair evidence in output/repairs/2026-09-13-ship-blockers/REPAIR_STATUS.md and VERIFICATION.json; native capture/composition, live delivery, exact-build production acceptance remain OPEN. This supersedes generic pass language as a completion assessment. | 2026-09-13 Canva-first PARTIAL: OAuth/blank native canvas/editor handoff/durable bounded exports implemented; 290 selected tests passed with real isolated PG and mocked Canva transport; live account blocked by MFA; native composition/semantic QA/approval/print not qualified. Evidence: output/repairs/2026-09-13-canva-first/REPORT.md; ADR023. | 2026-09-13 live Canva follow-up PARTIAL: genuine OAuth/native blank creation/manual edit-reopen/PNG+PDF/hash/restart proof passed in isolated deployment; stale output rejected; export retry UI repaired. Production, intelligent composition and semantic QA/release remain unqualified. Evidence: output/repairs/2026-09-13-canva-live/REPORT.md. | 2026-09-13 MAIN APP PARTIAL: deployed OAuth/blank Canva/manual edit-reopen/real PNG+standard PDF retrieval; full Desk request persistence and uncertain-response retry repaired. Original 1467 task IDs preserved. Native intelligence, semantic QA, delivery and legacy Telegram task durability remain OPEN. Evidence: output/repairs/2026-09-13-canva-production/REPORT.md and VERIFICATION.json."
FR-049,FR,"The reporting sheet shall be updated by immutable task ID and stored row identity, never blind-appended on retries.",docs/13_GOOGLE_DRIVE_SHEETS.md,Phase 5,Backend/Integrations,automated contract/integration/E2E test plus audit evidence,TEST-FR-049,"Pass evidence demonstrates: The reporting sheet shall be updated by immutable task ID and stored row identity, never blind-appended on retries."
FR-050,FR,"A scheduled process shall compare PostgreSQL, Drive, and Sheet state and repair or flag divergence.",docs/13_GOOGLE_DRIVE_SHEETS.md,Phase 5,Backend/Integrations,automated contract/integration/E2E test plus audit evidence,TEST-FR-050,"Pass evidence demonstrates: A scheduled process shall compare PostgreSQL, Drive, and Sheet state and repair or flag divergence."
FR-051,FR,The originating adapter shall receive status and final links when permitted; notification failure shall not roll back publication.,docs/13_GOOGLE_DRIVE_SHEETS.md,Phase 5,Backend/Integrations,automated contract/integration/E2E test plus audit evidence,TEST-FR-051,Pass evidence demonstrates: The originating adapter shall receive status and final links when permitted; notification failure shall not roll back publication.
FR-052,FR,"Every correction, approval, rejection, and manual edit shall become a structured feedback event.",docs/18_FEEDBACK_LEARNING.md,Phase 5,AI/Product,automated contract/integration/E2E test plus audit evidence,TEST-FR-052,"Pass evidence demonstrates: Every correction, approval, rejection, and manual edit shall become a structured feedback event."
FR-053,FR,Repeated or explicit corrections may create scoped candidate rules with supporting evidence.,docs/18_FEEDBACK_LEARNING.md,Phase 5,AI/Product,automated contract/integration/E2E test plus audit evidence,TEST-FR-053,Pass evidence demonstrates: Repeated or explicit corrections may create scoped candidate rules with supporting evidence.
FR-054,FR,"Only authorized humans may activate, retire, or supersede a Client DNA rule.",docs/18_FEEDBACK_LEARNING.md,Phase 5,AI/Product,automated contract/integration/E2E test plus audit evidence,TEST-FR-054,"Pass evidence demonstrates: Only authorized humans may activate, retire, or supersede a Client DNA rule."
FR-055,FR,Important failures and accepted edge cases shall be promotable into regression datasets.,docs/18_FEEDBACK_LEARNING.md,Phase 5,AI/Product,automated contract/integration/E2E test plus audit evidence,TEST-FR-055,Pass evidence demonstrates: Important failures and accepted edge cases shall be promotable into regression datasets.
FR-056,FR,"All model roles shall resolve through a versioned registry containing exact model ID, provider, parameters, limits, cost, policy, and evaluation status.",docs/07_MODEL_REGISTRY_AND_EVALUATION.md,Phase 0/4,AI/Evaluation,automated contract/integration/E2E test plus audit evidence,TEST-FR-056,"Pass evidence demonstrates: All model roles shall resolve through a versioned registry containing exact model ID, provider, parameters, limits, cost, policy, and evaluation status."
FR-057,FR,A model/prompt/tool change shall not become primary until it passes the defined offline evaluation and canary gates.,docs/07_MODEL_REGISTRY_AND_EVALUATION.md,Phase 0/4,AI/Evaluation,automated contract/integration/E2E test plus audit evidence,TEST-FR-057,Pass evidence demonstrates: A model/prompt/tool change shall not become primary until it passes the defined offline evaluation and canary gates.
FR-058,FR,Each critical model role shall have an evaluated fallback with explicitly allowed degradation.,docs/07_MODEL_REGISTRY_AND_EVALUATION.md,Phase 0/4,AI/Evaluation,automated contract/integration/E2E test plus audit evidence,TEST-FR-058,Pass evidence demonstrates: Each critical model role shall have an evaluated fallback with explicitly allowed degradation.
FR-059,FR,"Provider failures shall pause, retry, fall back according to policy, or request human action without losing completed work.",docs/07_MODEL_REGISTRY_AND_EVALUATION.md,Phase 0/4,AI/Evaluation,automated contract/integration/E2E test plus audit evidence,TEST-FR-059,"Pass evidence demonstrates: Provider failures shall pause, retry, fall back according to policy, or request human action without losing completed work."
FR-060,FR,Every long-running task shall resume after worker/server restart without repeating completed non-idempotent side effects.,docs/10_WORKFLOW_RELIABILITY.md,Phase 1-5,Platform,automated contract/integration/E2E test plus audit evidence,TEST-FR-060,Pass evidence demonstrates: Every long-running task shall resume after worker/server restart without repeating completed non-idempotent side effects.
FR-061,FR,"Operators shall pause, resume, cancel, replay, or restart from an approved checkpoint with an audit reason.",docs/10_WORKFLOW_RELIABILITY.md,Phase 1-5,Platform,automated contract/integration/E2E test plus audit evidence,TEST-FR-061,"Pass evidence demonstrates: Operators shall pause, resume, cancel, replay, or restart from an approved checkpoint with an audit reason."
FR-062,FR,"The system shall limit expensive model, GPU, render, and publication concurrency by office/client/task scope.",docs/10_WORKFLOW_RELIABILITY.md,Phase 1-5,Platform,automated contract/integration/E2E test plus audit evidence,TEST-FR-062,"Pass evidence demonstrates: The system shall limit expensive model, GPU, render, and publication concurrency by office/client/task scope."
FR-063,FR,"Hawa Desk shall show new, blocked, generating, review, failed, publishing, and completed tasks with actionable reasons.",docs/10_WORKFLOW_RELIABILITY.md,Phase 1-5,Platform,automated contract/integration/E2E test plus audit evidence,TEST-FR-063,"Pass evidence demonstrates: Hawa Desk shall show new, blocked, generating, review, failed, publishing, and completed tasks with actionable reasons."
FR-064,FR,"A failed step shall expose sanitized inputs, outputs, attempts, error class, next safe action, and trace link.",docs/10_WORKFLOW_RELIABILITY.md,Phase 1-5,Platform,automated contract/integration/E2E test plus audit evidence,TEST-FR-064,"Pass evidence demonstrates: A failed step shall expose sanitized inputs, outputs, attempts, error class, next safe action, and trace link. | 2026-09-13: PARTIAL repair evidence in output/repairs/2026-09-13-ship-blockers/REPAIR_STATUS.md and VERIFICATION.json; native capture/composition, live delivery, exact-build production acceptance remain OPEN. This supersedes generic pass language as a completion assessment. | 2026-09-13 CANVA-ONLY RETIREMENT: archived alternative adapters/contracts/deployments/UI outside builds; live retired routes return 410; 77 selected tests plus 16 fixture tests pass; task and Canva binding identity snapshots unchanged. This qualifies retirement only, not visual quality or automatic completion replies. Evidence: output/repairs/2026-09-13-canva-only/REPORT.md; ADR025."
FR-065,FR,"Every AI call shall record role, exact model, prompt version, tool/schema version, token/asset cost, latency, and trace ID.",docs/10_WORKFLOW_RELIABILITY.md,Phase 1-5,Platform,automated contract/integration/E2E test plus audit evidence,TEST-FR-065,"Pass evidence demonstrates: Every AI call shall record role, exact model, prompt version, tool/schema version, token/asset cost, latency, and trace ID."
FR-066,FR,"Only the minimum client context required by a model call shall leave the office, subject to client egress policy.",docs/14_SECURITY_THREAT_MODEL.md,Phase 1/5,Security/Platform,automated contract/integration/E2E test plus audit evidence,TEST-FR-066,"Pass evidence demonstrates: Only the minimum client context required by a model call shall leave the office, subject to client egress policy."
FR-067,FR,A client/project may prohibit all external model calls and route to local models or humans.,docs/14_SECURITY_THREAT_MODEL.md,Phase 1/5,Security/Platform,automated contract/integration/E2E test plus audit evidence,TEST-FR-067,Pass evidence demonstrates: A client/project may prohibit all external model calls and route to local models or humans.
FR-068,FR,"Message/document instructions shall not alter permissions, system policies, tools, client scope, publication destination, or approval.",docs/14_SECURITY_THREAT_MODEL.md,Phase 1/5,Security/Platform,automated contract/integration/E2E test plus audit evidence,TEST-FR-068,"Pass evidence demonstrates: Message/document instructions shall not alter permissions, system policies, tools, client scope, publication destination, or approval."
FR-069,FR,"Security- and business-relevant actions shall be append-only, attributable, timestamped, and queryable.",docs/14_SECURITY_THREAT_MODEL.md,Phase 1/5,Security/Platform,automated contract/integration/E2E test plus audit evidence,TEST-FR-069,"Pass evidence demonstrates: Security- and business-relevant actions shall be append-only, attributable, timestamped, and queryable."
FR-070,FR,The system shall create encrypted backups and prove restoration on a clean environment at the defined cadence.,docs/14_SECURITY_THREAT_MODEL.md,Phase 1/5,Security/Platform,automated contract/integration/E2E test plus audit evidence,TEST-FR-070,Pass evidence demonstrates: The system shall create encrypted backups and prove restoration on a clean environment at the defined cadence.
FR-071,FR,"The system shall monitor sequence gaps, authentication state, webhook health, and last successful reconciliation per adapter.",docs/14_SECURITY_THREAT_MODEL.md,Phase 1/5,Security/Platform,automated contract/integration/E2E test plus audit evidence,TEST-FR-071,"Pass evidence demonstrates: The system shall monitor sequence gaps, authentication state, webhook health, and last successful reconciliation per adapter."
FR-072,FR,WAHA shall run under a dedicated account and network/service boundary with a kill switch and no authoritative state.,docs/14_SECURITY_THREAT_MODEL.md,Phase 1/5,Security/Platform,automated contract/integration/E2E test plus audit evidence,TEST-FR-072,Pass evidence demonstrates: WAHA shall run under a dedicated account and network/service boundary with a kill switch and no authoritative state.
FR-073,FR,"Only allowlisted, pinned, scanned ComfyUI nodes/workflows shall execute; workers shall not receive office database credentials.",docs/14_SECURITY_THREAT_MODEL.md,Phase 1/5,Security/Platform,automated contract/integration/E2E test plus audit evidence,TEST-FR-073,"Pass evidence demonstrates: Only allowlisted, pinned, scanned ComfyUI nodes/workflows shall execute; workers shall not receive office database credentials. | 2026-09-13 CANVA-ONLY RETIREMENT: archived alternative adapters/contracts/deployments/UI outside builds; live retired routes return 410; 77 selected tests plus 16 fixture tests pass; task and Canva binding identity snapshots unchanged. This qualifies retirement only, not visual quality or automatic completion replies. Evidence: output/repairs/2026-09-13-canva-only/REPORT.md; ADR025."
FR-074,FR,"Editors, workflows, model weights, and critical containers shall be pinned by immutable version/digest and upgraded only through compatibility testing.",docs/14_SECURITY_THREAT_MODEL.md,Phase 1/5,Security/Platform,automated contract/integration/E2E test plus audit evidence,TEST-FR-074,"Pass evidence demonstrates: Editors, workflows, model weights, and critical containers shall be pinned by immutable version/digest and upgraded only through compatibility testing. | 2026-09-13 CANVA-ONLY RETIREMENT: archived alternative adapters/contracts/deployments/UI outside builds; live retired routes return 410; 77 selected tests plus 16 fixture tests pass; task and Canva binding identity snapshots unchanged. This qualifies retirement only, not visual quality or automatic completion replies. Evidence: output/repairs/2026-09-13-canva-only/REPORT.md; ADR025."
FR-075,FR,The system shall retain enough neutral manifest data and standard exports to migrate a design away from the selected studio.,docs/06_EDITABLE_DOCUMENT_STRATEGY.md,Phase 3-5,Creative/Studio,automated contract/integration/E2E test plus audit evidence,TEST-FR-075,"Pass evidence demonstrates: The system shall retain enough neutral manifest data and standard exports to migrate a design away from the selected studio. | 2026-09-13 Canva-first PARTIAL: OAuth/blank native canvas/editor handoff/durable bounded exports implemented; 290 selected tests passed with real isolated PG and mocked Canva transport; live account blocked by MFA; native composition/semantic QA/approval/print not qualified. Evidence: output/repairs/2026-09-13-canva-first/REPORT.md; ADR023. | 2026-09-13 live Canva follow-up PARTIAL: genuine OAuth/native blank creation/manual edit-reopen/PNG+PDF/hash/restart proof passed in isolated deployment; stale output rejected; export retry UI repaired. Production, intelligent composition and semantic QA/release remain unqualified. Evidence: output/repairs/2026-09-13-canva-live/REPORT.md. | 2026-09-13 MAIN APP PARTIAL: deployed OAuth/blank Canva/manual edit-reopen/real PNG+standard PDF retrieval; full Desk request persistence and uncertain-response retry repaired. Original 1467 task IDs preserved. Native intelligence, semantic QA, delivery and legacy Telegram task durability remain OPEN. Evidence: output/repairs/2026-09-13-canva-production/REPORT.md and VERIFICATION.json. | 2026-09-13 FINISH-SYSTEM PARTIAL: deployed durable chat intake, actual Opus layout/native editable Canva import, persisted exports and native copy/font inspection; 86 focused tests passed. Restart replay reused genuine Restate invocation and one design. Native copy 8/8 matches, required font FAILS. Release, visual/logo/print QA, Astra access, full chat delivery and governed learning remain OPEN. Evidence: output/repairs/2026-09-13-finish-system/REPORT.md and VERIFICATION.json; ADR024. | 2026-09-13 CANVA-ONLY RETIREMENT: archived alternative adapters/contracts/deployments/UI outside builds; live retired routes return 410; 77 selected tests plus 16 fixture tests pass; task and Canva binding identity snapshots unchanged. This qualifies retirement only, not visual quality or automatic completion replies. Evidence: output/repairs/2026-09-13-canva-only/REPORT.md; ADR025."
FR-076,FR,"Hawa Desk shall support keyboard navigation, visible focus, sufficient contrast, semantic status, and reduced motion.",docs/06_EDITABLE_DOCUMENT_STRATEGY.md,Phase 3-5,Creative/Studio,automated contract/integration/E2E test plus audit evidence,TEST-FR-076,"Pass evidence demonstrates: Hawa Desk shall support keyboard navigation, visible focus, sufficient contrast, semantic status, and reduced motion."
FR-077,FR,"Authorized users shall search tasks, clients, copy, assets, feedback, and revisions without leaking other clients.",docs/17_UI_UX.md,Phase 3-5,Frontend/Product,automated contract/integration/E2E test plus audit evidence,TEST-FR-077,"Pass evidence demonstrates: Authorized users shall search tasks, clients, copy, assets, feedback, and revisions without leaking other clients."
FR-078,FR,"Admins shall configure clients, projects, adapters, roles, model policies, folders, templates, and review gates without code changes.",docs/17_UI_UX.md,Phase 3-5,Frontend/Product,automated contract/integration/E2E test plus audit evidence,TEST-FR-078,"Pass evidence demonstrates: Admins shall configure clients, projects, adapters, roles, model policies, folders, templates, and review gates without code changes."
FR-079,FR,"The system shall enforce per-role budgets, generation caps, and visible estimated/actual cost before expensive reruns.",docs/17_UI_UX.md,Phase 3-5,Frontend/Product,automated contract/integration/E2E test plus audit evidence,TEST-FR-079,"Pass evidence demonstrates: The system shall enforce per-role budgets, generation caps, and visible estimated/actual cost before expensive reruns."
FR-080,FR,Destructive actions shall use retention-aware soft deletion and preserve audit; permanent purge requires explicit privileged workflow.,docs/17_UI_UX.md,Phase 3-5,Frontend/Product,automated contract/integration/E2E test plus audit evidence,TEST-FR-080,"Pass evidence demonstrates: Destructive actions shall use retention-aware soft deletion and preserve audit; permanent purge requires explicit privileged workflow. | 2026-09-13 CANVA-ONLY RETIREMENT: archived alternative adapters/contracts/deployments/UI outside builds; live retired routes return 410; 77 selected tests plus 16 fixture tests pass; task and Canva binding identity snapshots unchanged. This qualifies retirement only, not visual quality or automatic completion replies. Evidence: output/repairs/2026-09-13-canva-only/REPORT.md; ADR025."
NFR-001,NFR,No acknowledged task event may be silently lost. Event processing is at-least-once with logical exactly-once effects.,MASTER_SPEC.md,Cross-phase,Platform/QA,measured non-functional test or operational drill,TEST-NFR-001,Pass evidence demonstrates: No acknowledged task event may be silently lost. Event processing is at-least-once with logical exactly-once effects.
NFR-002,NFR,Core office intake and review target 99.5% monthly availability on supported infrastructure; adapters may have lower independent availability.,MASTER_SPEC.md,Cross-phase,Platform/QA,measured non-functional test or operational drill,TEST-NFR-002,Pass evidence demonstrates: Core office intake and review target 99.5% monthly availability on supported infrastructure; adapters may have lower independent availability.
NFR-003,NFR,Target database RPO ≤15 minutes and core RTO ≤4 hours; restore drills must prove these targets.,MASTER_SPEC.md,Cross-phase,Platform/QA,measured non-functional test or operational drill,TEST-NFR-003,Pass evidence demonstrates: Target database RPO ≤15 minutes and core RTO ≤4 hours; restore drills must prove these targets.
NFR-004,NFR,P95 Hawa Desk task list ≤1.5 s on office network; P95 webhook acknowledgement ≤1 s; non-AI state transitions ≤2 s.,MASTER_SPEC.md,Cross-phase,Platform/QA,measured non-functional test or operational drill,TEST-NFR-004,Pass evidence demonstrates: P95 Hawa Desk task list ≤1.5 s on office network; P95 webhook acknowledgement ≤1 s; non-AI state transitions ≤2 s.
NFR-005,NFR,"Support 100 active clients, 100,000 tasks, 2 million knowledge chunks, 25 concurrent office users, and controlled GPU/API queues without architecture change.",MASTER_SPEC.md,Cross-phase,Platform/QA,measured non-functional test or operational drill,TEST-NFR-005,"Pass evidence demonstrates: Support 100 active clients, 100,000 tasks, 2 million knowledge chunks, 25 concurrent office users, and controlled GPU/API queues without architecture change."
NFR-006,NFR,"Least privilege, client isolation, encrypted transport, server-side secrets, protected admin interfaces, and auditable authorization are mandatory.",MASTER_SPEC.md,Cross-phase,Platform/QA,measured non-functional test or operational drill,TEST-NFR-006,"Pass evidence demonstrates: Least privilege, client isolation, encrypted transport, server-side secrets, protected admin interfaces, and auditable authorization are mandatory. | 2026-09-13: PARTIAL repair evidence in output/repairs/2026-09-13-ship-blockers/REPAIR_STATUS.md and VERIFICATION.json; native capture/composition, live delivery, exact-build production acceptance remain OPEN. This supersedes generic pass language as a completion assessment. | 2026-09-13 Canva-first PARTIAL: OAuth/blank native canvas/editor handoff/durable bounded exports implemented; 290 selected tests passed with real isolated PG and mocked Canva transport; live account blocked by MFA; native composition/semantic QA/approval/print not qualified. Evidence: output/repairs/2026-09-13-canva-first/REPORT.md; ADR023. | 2026-09-13 live Canva follow-up PARTIAL: genuine OAuth/native blank creation/manual edit-reopen/PNG+PDF/hash/restart proof passed in isolated deployment; stale output rejected; export retry UI repaired. Production, intelligent composition and semantic QA/release remain unqualified. Evidence: output/repairs/2026-09-13-canva-live/REPORT.md. | 2026-09-13 MAIN APP PARTIAL: deployed OAuth/blank Canva/manual edit-reopen/real PNG+standard PDF retrieval; full Desk request persistence and uncertain-response retry repaired. Original 1467 task IDs preserved. Native intelligence, semantic QA, delivery and legacy Telegram task durability remain OPEN. Evidence: output/repairs/2026-09-13-canva-production/REPORT.md and VERIFICATION.json. | 2026-09-13 FINISH-SYSTEM PARTIAL: deployed durable chat intake, actual Opus layout/native editable Canva import, persisted exports and native copy/font inspection; 86 focused tests passed. Restart replay reused genuine Restate invocation and one design. Native copy 8/8 matches, required font FAILS. Release, visual/logo/print QA, Astra access, full chat delivery and governed learning remain OPEN. Evidence: output/repairs/2026-09-13-finish-system/REPORT.md and VERIFICATION.json; ADR024."
NFR-007,NFR,Per-client retention and model-egress policy shall be enforceable and testable.,MASTER_SPEC.md,Cross-phase,Platform/QA,measured non-functional test or operational drill,TEST-NFR-007,Pass evidence demonstrates: Per-client retention and model-egress policy shall be enforceable and testable.
NFR-008,NFR,100% of automated production designs shall have a valid editable source; flattened-only output is a blocked failure.,MASTER_SPEC.md,Cross-phase,Platform/QA,measured non-functional test or operational drill,TEST-NFR-008,Pass evidence demonstrates: 100% of automated production designs shall have a valid editable source; flattened-only output is a blocked failure.
NFR-009,NFR,All critical Sorani/Arabic golden cases shall pass exact-copy and native-speaker visual review before release.,MASTER_SPEC.md,Cross-phase,Platform/QA,measured non-functional test or operational drill,TEST-NFR-009,Pass evidence demonstrates: All critical Sorani/Arabic golden cases shall pass exact-copy and native-speaker visual review before release.
NFR-010,NFR,Operational data exports to documented JSON/CSV/SQL; designs export as `.hyc` plus standard SVG/PDF/PNG and a source manifest.,MASTER_SPEC.md,Cross-phase,Platform/QA,measured non-functional test or operational drill,TEST-NFR-010,Pass evidence demonstrates: Operational data exports to documented JSON/CSV/SQL; designs export as `.hyc` plus standard SVG/PDF/PNG and a source manifest.
NFR-011,NFR,"Every task shall be traceable across ingress, workflow, retrieval, model, studio, QA, approval, and publication.",MASTER_SPEC.md,Cross-phase,Platform/QA,measured non-functional test or operational drill,TEST-NFR-011,"Pass evidence demonstrates: Every task shall be traceable across ingress, workflow, retrieval, model, studio, QA, approval, and publication. | 2026-09-13: PARTIAL repair evidence in output/repairs/2026-09-13-ship-blockers/REPAIR_STATUS.md and VERIFICATION.json; native capture/composition, live delivery, exact-build production acceptance remain OPEN. This supersedes generic pass language as a completion assessment. | 2026-09-13 Canva-first PARTIAL: OAuth/blank native canvas/editor handoff/durable bounded exports implemented; 290 selected tests passed with real isolated PG and mocked Canva transport; live account blocked by MFA; native composition/semantic QA/approval/print not qualified. Evidence: output/repairs/2026-09-13-canva-first/REPORT.md; ADR023. | 2026-09-13 live Canva follow-up PARTIAL: genuine OAuth/native blank creation/manual edit-reopen/PNG+PDF/hash/restart proof passed in isolated deployment; stale output rejected; export retry UI repaired. Production, intelligent composition and semantic QA/release remain unqualified. Evidence: output/repairs/2026-09-13-canva-live/REPORT.md. | 2026-09-13 MAIN APP PARTIAL: deployed OAuth/blank Canva/manual edit-reopen/real PNG+standard PDF retrieval; full Desk request persistence and uncertain-response retry repaired. Original 1467 task IDs preserved. Native intelligence, semantic QA, delivery and legacy Telegram task durability remain OPEN. Evidence: output/repairs/2026-09-13-canva-production/REPORT.md and VERIFICATION.json. | 2026-09-13 FINISH-SYSTEM PARTIAL: deployed durable chat intake, actual Opus layout/native editable Canva import, persisted exports and native copy/font inspection; 86 focused tests passed. Restart replay reused genuine Restate invocation and one design. Native copy 8/8 matches, required font FAILS. Release, visual/logo/print QA, Astra access, full chat delivery and governed learning remain OPEN. Evidence: output/repairs/2026-09-13-finish-system/REPORT.md and VERIFICATION.json; ADR024. | 2026-09-13 TELEGRAM FOLLOW-UP PARTIAL: actual intake/Opus/Canva succeeded; initial acknowledgment observed at 14:58. Fresh preview recovered after stale capture. Deployed truthful outbound receipts, offset-after-ingress acknowledgment and bounded stale preview retry. 24 targeted + 5 durability tests pass; broader legacy suite 5 failures remain. Automatic result notification remains OPEN. Evidence: output/repairs/2026-09-13-telegram-no-reply/REPORT.md."
NFR-012,NFR,"Core business logic shall be covered by unit/contract tests and kept independent of specific adapters, models, and editors.",MASTER_SPEC.md,Cross-phase,Platform/QA,measured non-functional test or operational drill,TEST-NFR-012,"Pass evidence demonstrates: Core business logic shall be covered by unit/contract tests and kept independent of specific adapters, models, and editors."
NFR-013,NFR,"No production dependency auto-updates; upgrades require backup, compatibility suite, canary, and rollback artifact.",MASTER_SPEC.md,Cross-phase,Platform/QA,measured non-functional test or operational drill,TEST-NFR-013,"Pass evidence demonstrates: No production dependency auto-updates; upgrades require backup, compatibility suite, canary, and rollback artifact."
NFR-014,NFR,"Given the same approved inputs and pinned deterministic steps, routing, validation, filenames, and publication identities shall be repeatable.",MASTER_SPEC.md,Cross-phase,Platform/QA,measured non-functional test or operational drill,TEST-NFR-014,"Pass evidence demonstrates: Given the same approved inputs and pinned deterministic steps, routing, validation, filenames, and publication identities shall be repeatable."
NFR-015,NFR,"Approvals, rule changes, permissions, publications, and operator interventions shall be immutable and attributable.",MASTER_SPEC.md,Cross-phase,Platform/QA,measured non-functional test or operational drill,TEST-NFR-015,"Pass evidence demonstrates: Approvals, rule changes, permissions, publications, and operator interventions shall be immutable and attributable."
NFR-016,NFR,"A trained office operator shall create, route, review, revise, and publish routine work without command-line access.",MASTER_SPEC.md,Cross-phase,Platform/QA,measured non-functional test or operational drill,TEST-NFR-016,"Pass evidence demonstrates: A trained office operator shall create, route, review, revise, and publish routine work without command-line access."
NFR-017,NFR,Every blocked/failed task shall expose a human-readable cause and one safe next action.,MASTER_SPEC.md,Cross-phase,Platform/QA,measured non-functional test or operational drill,TEST-NFR-017,Pass evidence demonstrates: Every blocked/failed task shall expose a human-readable cause and one safe next action.
NFR-018,NFR,Routine template tasks shall avoid image generation and deep models when deterministic operations satisfy requirements.,MASTER_SPEC.md,Cross-phase,Platform/QA,measured non-functional test or operational drill,TEST-NFR-018,Pass evidence demonstrates: Routine template tasks shall avoid image generation and deep models when deterministic operations satisfy requirements.
NFR-019,NFR,"Failure or retirement of one model/provider, messaging adapter, or studio shall not require rewriting business state or workflow.",MASTER_SPEC.md,Cross-phase,Platform/QA,measured non-functional test or operational drill,TEST-NFR-019,"Pass evidence demonstrates: Failure or retirement of one model/provider, messaging adapter, or studio shall not require rewriting business state or workflow."
NFR-020,NFR,"Foreign keys, constraints, hashes, append-only ledgers, and reconciliation protect against plausible-but-wrong state.",MASTER_SPEC.md,Cross-phase,Platform/QA,measured non-functional test or operational drill,TEST-NFR-020,"Pass evidence demonstrates: Foreign keys, constraints, hashes, append-only ledgers, and reconciliation protect against plausible-but-wrong state. | 2026-09-13: PARTIAL repair evidence in output/repairs/2026-09-13-ship-blockers/REPAIR_STATUS.md and VERIFICATION.json; native capture/composition, live delivery, exact-build production acceptance remain OPEN. This supersedes generic pass language as a completion assessment. | 2026-09-13 Canva-first PARTIAL: OAuth/blank native canvas/editor handoff/durable bounded exports implemented; 290 selected tests passed with real isolated PG and mocked Canva transport; live account blocked by MFA; native composition/semantic QA/approval/print not qualified. Evidence: output/repairs/2026-09-13-canva-first/REPORT.md; ADR023. | 2026-09-13 live Canva follow-up PARTIAL: genuine OAuth/native blank creation/manual edit-reopen/PNG+PDF/hash/restart proof passed in isolated deployment; stale output rejected; export retry UI repaired. Production, intelligent composition and semantic QA/release remain unqualified. Evidence: output/repairs/2026-09-13-canva-live/REPORT.md. | 2026-09-13 MAIN APP PARTIAL: deployed OAuth/blank Canva/manual edit-reopen/real PNG+standard PDF retrieval; full Desk request persistence and uncertain-response retry repaired. Original 1467 task IDs preserved. Native intelligence, semantic QA, delivery and legacy Telegram task durability remain OPEN. Evidence: output/repairs/2026-09-13-canva-production/REPORT.md and VERIFICATION.json. | 2026-09-13 FINISH-SYSTEM PARTIAL: deployed durable chat intake, actual Opus layout/native editable Canva import, persisted exports and native copy/font inspection; 86 focused tests passed. Restart replay reused genuine Restate invocation and one design. Native copy 8/8 matches, required font FAILS. Release, visual/logo/print QA, Astra access, full chat delivery and governed learning remain OPEN. Evidence: output/repairs/2026-09-13-finish-system/REPORT.md and VERIFICATION.json; ADR024. | 2026-09-13 TELEGRAM FOLLOW-UP PARTIAL: actual intake/Opus/Canva succeeded; initial acknowledgment observed at 14:58. Fresh preview recovered after stale capture. Deployed truthful outbound receipts, offset-after-ingress acknowledgment and bounded stale preview retry. 24 targeted + 5 durability tests pass; broader legacy suite 5 failures remain. Automatic result notification remains OPEN. Evidence: output/repairs/2026-09-13-telegram-no-reply/REPORT.md."
NFR-021,NFR,Target WCAG 2.2 AA for the Hawa Desk operational UI.,MASTER_SPEC.md,Cross-phase,Platform/QA,measured non-functional test or operational drill,TEST-NFR-021,"Pass evidence demonstrates: Target WCAG 2.2 AA for the Hawa Desk operational UI. | 2026-09-13: PARTIAL repair evidence in output/repairs/2026-09-13-ship-blockers/REPAIR_STATUS.md and VERIFICATION.json; native capture/composition, live delivery, exact-build production acceptance remain OPEN. This supersedes generic pass language as a completion assessment."
NFR-022,NFR,"UI strings and content metadata support English, Central Kurdish (`ckb`), and Arabic (`ar`) with direction isolation.",MASTER_SPEC.md,Cross-phase,Platform/QA,measured non-functional test or operational drill,TEST-NFR-022,"Pass evidence demonstrates: UI strings and content metadata support English, Central Kurdish (`ckb`), and Arabic (`ar`) with direction isolation."
NFR-023,NFR,The base office deployment runs on one protected server plus optional GPU worker; Kubernetes is not required.,MASTER_SPEC.md,Cross-phase,Platform/QA,measured non-functional test or operational drill,TEST-NFR-023,Pass evidence demonstrates: The base office deployment runs on one protected server plus optional GPU worker; Kubernetes is not required.
NFR-024,NFR,All third-party adapters have contract fakes and deterministic fixtures; model quality is tested separately from workflow correctness.,MASTER_SPEC.md,Cross-phase,Platform/QA,measured non-functional test or operational drill,TEST-NFR-024,Pass evidence demonstrates: All third-party adapters have contract fakes and deterministic fixtures; model quality is tested separately from workflow correctness.
NFR-025,NFR,Claims about third-party capabilities remain conditional until executable admission tests pass.,MASTER_SPEC.md,Cross-phase,Platform/QA,measured non-functional test or operational drill,TEST-NFR-025,"Pass evidence demonstrates: Claims about third-party capabilities remain conditional until executable admission tests pass. | 2026-09-13: PARTIAL repair evidence in output/repairs/2026-09-13-ship-blockers/REPAIR_STATUS.md and VERIFICATION.json; native capture/composition, live delivery, exact-build production acceptance remain OPEN. This supersedes generic pass language as a completion assessment. | 2026-09-13 Canva-first PARTIAL: OAuth/blank native canvas/editor handoff/durable bounded exports implemented; 290 selected tests passed with real isolated PG and mocked Canva transport; live account blocked by MFA; native composition/semantic QA/approval/print not qualified. Evidence: output/repairs/2026-09-13-canva-first/REPORT.md; ADR023. | 2026-09-13 live Canva follow-up PARTIAL: genuine OAuth/native blank creation/manual edit-reopen/PNG+PDF/hash/restart proof passed in isolated deployment; stale output rejected; export retry UI repaired. Production, intelligent composition and semantic QA/release remain unqualified. Evidence: output/repairs/2026-09-13-canva-live/REPORT.md. | 2026-09-13 MAIN APP PARTIAL: deployed OAuth/blank Canva/manual edit-reopen/real PNG+standard PDF retrieval; full Desk request persistence and uncertain-response retry repaired. Original 1467 task IDs preserved. Native intelligence, semantic QA, delivery and legacy Telegram task durability remain OPEN. Evidence: output/repairs/2026-09-13-canva-production/REPORT.md and VERIFICATION.json. | 2026-09-13 FINISH-SYSTEM PARTIAL: deployed durable chat intake, actual Opus layout/native editable Canva import, persisted exports and native copy/font inspection; 86 focused tests passed. Restart replay reused genuine Restate invocation and one design. Native copy 8/8 matches, required font FAILS. Release, visual/logo/print QA, Astra access, full chat delivery and governed learning remain OPEN. Evidence: output/repairs/2026-09-13-finish-system/REPORT.md and VERIFICATION.json; ADR024."
