id,gate,priority,audit_findings,requirements,source_docs,depends_on,implementation,acceptance,status
R00,G0,P0,F15,NFR-010|NFR-025|FR-028|FR-029|FR-030|FR-075,MASTER_SPEC.md|docs/06_EDITABLE_DOCUMENT_STRATEGY.md|docs/29_ACCEPTANCE_GATES.md,,Reconcile active Canva architecture with historical HyCanvas passages and current contracts via ADR where needed,One authoritative current contract and drift check; historical decisions linked rather than erased,accepted
R01,G0,P0,F01,FR-004|FR-005|NFR-012|NFR-024|NFR-025,docs/09_MESSAGING_AND_OFFICE_INBOX.md|MASTER_SPEC.md,R00,Classify and repair all nine release-gate failures without accepting passive text as a task,Red-before/green-after per case and full release gate green on isolated branch DB,in_progress
R02,G0,P1,F12,FR-063|FR-064|FR-065|FR-071|NFR-011|NFR-017,docs/10_WORKFLOW_RELIABILITY.md|docs/14_SECURITY_THREAT_MODEL.md|MASTER_SPEC.md,R01,Separate configured reachable paid-verified stale and unknown health with per-task aging,Disabled or stale paid probe never says connected; one successful draft cannot mask a stalled task,in_progress
R03,G0,P1,F01|F12,FR-065|FR-069|NFR-011|NFR-013|NFR-025,docs/10_WORKFLOW_RELIABILITY.md|docs/14_SECURITY_THREAT_MODEL.md|MASTER_SPEC.md,R01,Stamp build image migrations flags model prompt and export provenance into release records,Release reports match deployed digest and can be traced to exact task/export hashes,in_progress
R04,G1,P0,F03,FR-055|FR-056|FR-057|NFR-009|NFR-024,docs/18_FEEDBACK_LEARNING.md|docs/07_MODEL_REGISTRY_AND_EVALUATION.md|MASTER_SPEC.md,R01,Curate provenance-backed multi-client corpus and seal campaign-level splits,Versioned corpus with no cross-split derivative and at least 200 eligible tasks when available,in_progress
R05,G1,P0,F03,FR-055|FR-057|NFR-009|NFR-025,docs/18_FEEDBACK_LEARNING.md|docs/07_MODEL_REGISTRY_AND_EVALUATION.md|MASTER_SPEC.md,R04,Extend existing comparison study for blind current Canva-export pairs and brief-clustered analysis,Pre-registered sealed randomization raw votes ties and reproducible analysis before final judgments,planned
R06,G1,P1,F07,FR-039|FR-055|FR-057|NFR-024,docs/11_QA_RTL_MULTILINGUAL.md|docs/18_FEEDBACK_LEARNING.md|docs/07_MODEL_REGISTRY_AND_EVALUATION.md,R05,Calibrate metric-blind visual judges with ties swaps and human labels,Human-relative defect and preference results by language and format; no hard-QA override,planned
R07,G2,P0,F02,FR-060|FR-061|NFR-001|NFR-015,docs/10_WORKFLOW_RELIABILITY.md|MASTER_SPEC.md,R01,Complete RequestLifecycle questions requester decisions reminders and late answers,Answers after restart continue one request with no duplicate reminder or task,planned
R08,G2,P0,F02,FR-041|FR-042|FR-043|FR-044|FR-060,docs/11_QA_RTL_MULTILINGUAL.md|docs/10_WORKFLOW_RELIABILITY.md,R07,Route Desk office decisions through one expected-revision lifecycle gate,Stale pending-change or unauthorized approval refused with append-only reason,planned
R09,G2,P0,F02,FR-045|FR-046|FR-047|FR-048|FR-049|FR-050|FR-051|FR-060,docs/13_GOOGLE_DRIVE_SHEETS.md|docs/10_WORKFLOW_RELIABILITY.md,R08,Retire duplicate truth paths and reconcile Drive Sheets Telegram receipt and uncertain effects,Kill and lost-response drills produce one logical package and truthful uncertain-send action,planned
R10,G2,P0,F02,FR-060|FR-061|FR-070|NFR-003|NFR-013,docs/10_WORKFLOW_RELIABILITY.md|docs/14_SECURITY_THREAT_MODEL.md|MASTER_SPEC.md,R09,Cut over per chat/request with legacy executor pin and Restate backup restore,Old requests finish on original executor; new canary survives clean-host restore and rollback,planned
R11,G3,P0,F04,FR-013|FR-017|FR-025|FR-027|FR-034|FR-035,docs/09_MESSAGING_AND_OFFICE_INBOX.md|docs/08_MEMORY_RAG_CLIENT_DNA.md|docs/07_MODEL_REGISTRY_AND_EVALUATION.md,R04,Compile versioned BrandKit and DesignIntent; make KAAE instructions client data,Three unlike client cases show zero KAAE palette/logo leakage and approved asset use,planned
R12,G3,P1,F08,FR-018|FR-019|FR-020|FR-021|FR-022|FR-023,docs/08_MEMORY_RAG_CLIENT_DNA.md|docs/07_MODEL_REGISTRY_AND_EVALUATION.md,R04|R11,Build client-filtered lexical plus optional visual retrieval with honest score labels,Recall and nDCG versus lexical baseline; zero seeded cross-client or negative-example contamination,planned
R13,G3,P0,F05,FR-016|FR-024|FR-025|FR-029|FR-033,docs/07_MODEL_REGISTRY_AND_EVALUATION.md|docs/05_CREATIVE_ENGINE.md,R11|R12,Generate bounded distinct concept strategies and reject actual near duplicates,Measured concept diversity rises without human preference or task-fit regression,planned
R14,G3,P0,F04|F06,FR-014|FR-015|FR-027|FR-034|FR-035|FR-038,docs/08_MEMORY_RAG_CLIENT_DNA.md|docs/07_MODEL_REGISTRY_AND_EVALUATION.md|docs/05_CREATIVE_ENGINE.md,R11,Preserve exact approved copy brand assets and language metadata through candidate and revision,Seeded protected-token and cross-client cases fail closed at each stage,planned
R15,G3,P1,F03|F05,FR-042|FR-052|FR-053|FR-054|FR-055,docs/11_QA_RTL_MULTILINGUAL.md|docs/18_FEEDBACK_LEARNING.md,R13,Extend ask ledger and governed client feedback without duplicating implemented edit operations,Verified ask outcomes and human-approved rule activation only; no unrelated edit,planned
R16,G4,P0,F06,FR-015|FR-027|FR-028|FR-037|FR-038|FR-039|FR-040|NFR-008|NFR-009,docs/08_MEMORY_RAG_CLIENT_DNA.md|docs/07_MODEL_REGISTRY_AND_EVALUATION.md|docs/05_CREATIVE_ENGINE.md|docs/11_QA_RTL_MULTILINGUAL.md,R08|R11,Hard preflight on final Canva export with semantic geometry and visual checks,Seeded critical defects all refused and clean-export false-block measured on frozen holdout,planned
R17,G4,P0,F06|F14,FR-031|FR-032|FR-041|FR-043|FR-044|FR-045,docs/05_CREATIVE_ENGINE.md|docs/11_QA_RTL_MULTILINGUAL.md|docs/13_GOOGLE_DRIVE_SHEETS.md,R16,Bind approval to captured export and QC hash; invalidate on edit or recapture,Stale export or post-approval edit cannot publish; pinned bytes equal read-back,planned
R18,G4,P1,F13,FR-041|FR-043|FR-064|FR-069|NFR-017|NFR-020,docs/11_QA_RTL_MULTILINGUAL.md|docs/10_WORKFLOW_RELIABILITY.md|docs/14_SECURITY_THREAT_MODEL.md,R17,Replace fallback review evidence with explicit missing states,Missing capture returns null/not_captured; no plausible fake ID/hash or approval,planned
R19,G4,P1,F14,FR-028|FR-029|FR-030|FR-031|FR-075|NFR-008|NFR-010|NFR-019,docs/07_MODEL_REGISTRY_AND_EVALUATION.md|docs/05_CREATIVE_ENGINE.md|docs/06_EDITABLE_DOCUMENT_STRATEGY.md|MASTER_SPEC.md,R17,Run Canva edit-export-reopen and account-loss reconstruction with element-level evidence,Recovery report identifies preserved partial and lost element classes; claims limited accordingly,planned
R20,G5,P1,F11,FR-056|FR-059|FR-065|FR-066|FR-067|FR-068|NFR-007,docs/07_MODEL_REGISTRY_AND_EVALUATION.md|docs/14_SECURITY_THREAT_MODEL.md|MASTER_SPEC.md,R01,Put every production and evaluation model call behind typed egress and budget authorization,Local-only multimodal negative tests make zero external requests; direct-call import guard passes,planned
R21,G5,P1,F10,FR-059|FR-060|FR-062|FR-065|FR-079|NFR-001,docs/07_MODEL_REGISTRY_AND_EVALUATION.md|docs/10_WORKFLOW_RELIABILITY.md|MASTER_SPEC.md,R20,Persist logical model-call attempt outcome and reconcile unknown acceptance before retry,Kill-after-send drill never records unknown as free or silently repeats paid work,planned
R22,G5,P1,F09,FR-056|FR-057|FR-059|FR-065,docs/07_MODEL_REGISTRY_AND_EVALUATION.md,R21,Test durable long-call transport subject to client retention policy,Low-versus-medium quality latency cost and failure comparison with resumable response ID where supported,planned
R23,G5,P1,F09|F11,FR-056|FR-057|FR-058|FR-059|NFR-018,docs/07_MODEL_REGISTRY_AND_EVALUATION.md|MASTER_SPEC.md,R06|R22,Promote role-specific models only through offline shadow canary and rollback,Versioned registry decision with human outcome cost uncertainty fallback and rollback evidence,planned
R24,G6,P0,F03|F05|F07,FR-039|FR-055|FR-057|NFR-009|NFR-025,docs/11_QA_RTL_MULTILINGUAL.md|docs/18_FEEDBACK_LEARNING.md|docs/07_MODEL_REGISTRY_AND_EVALUATION.md,R05|R13|R16|R23,Run sealed blind current-export comparison including designer baseline if supplied,Brief-clustered interval and individual votes reproduced by analysis; no post-hoc sample extension,planned
R25,G6,P0,F02|F12,FR-051|FR-063|FR-064|FR-065|FR-071|NFR-011|NFR-017,docs/13_GOOGLE_DRIVE_SHEETS.md|docs/10_WORKFLOW_RELIABILITY.md|docs/14_SECURITY_THREAT_MODEL.md,R10|R16,Measure actual complete production funnel and operator rescue with all eligible requests,Per-task trace from ingress to requester receipt; staged latency and truthful denominators,planned
R26,G6,P0,F01|F02|F06|F10|F14,FR-060|FR-070|FR-075|NFR-003|NFR-008|NFR-013|NFR-024,docs/10_WORKFLOW_RELIABILITY.md|docs/14_SECURITY_THREAT_MODEL.md|docs/06_EDITABLE_DOCUMENT_STRATEGY.md|MASTER_SPEC.md,R10|R16|R19|R21,Replay chaos final-export sabotage and clean-host recovery on candidate image,One logical effect and bounded recovery with exact artifact/source verification,planned
R27,G6,P0,F01|F15,FR-055|FR-057|FR-069|NFR-025,docs/18_FEEDBACK_LEARNING.md|docs/07_MODEL_REGISTRY_AND_EVALUATION.md|docs/14_SECURITY_THREAT_MODEL.md|MASTER_SPEC.md,R24|R25|R26,Publish dated Gates A-H dossier traceability evidence limits canary and rollback,No universal 10/10 claim without all separate engineering workflow and human-quality admissions,planned
