call_id,x_request_id,stage,brief_id,model,input_tokens,cached_tokens,output_tokens,gross_cost_usd,cache_discount_usd,net_cost_usd,latency_ms
chatcmpl-EPEwql04VsSvXmzQoAE7DkMoDgvZd,req_06f31932cab144eb8e079e633a25414e,P05_CRITIQUE_RERUN,brief_01_en_square,gpt-6-astra,1427,0,172,0.022870,0.000000,0.022870,13378
chatcmpl-EPEwqT3cskMrHqaVitRj7QAtCIP9M,req_69e805bdfe084fc8a9fa3e6c37625942,P05_CRITIQUE_RERUN,brief_02_en_square,gpt-6-astra,1427,0,117,0.020120,0.000000,0.020120,8409
chatcmpl-EPEx2qdq80iRi2LayXKpuYiHwBIEf,req_6b2577395e84450ea38db875a82cfffd,P05_CRITIQUE_RERUN,brief_03_ckb_square,gpt-6-astra,1427,0,319,0.030220,0.000000,0.030220,11840
chatcmpl-EPEx4AUs8YsZTcPoFBxIC4m9KahjI,req_a4de1ceb45a14511bd16d9a4e34eff75,P05_CRITIQUE_RERUN,brief_04_ckb_square,gpt-6-astra,1427,0,162,0.022370,0.000000,0.022370,9660
chatcmpl-EPExDDOl8objzC2rYeWi3axhp8Sex,req_c5e973f4335845a1a726bb0d45b3f45e,P05_CRITIQUE_RERUN,brief_05_en_portrait45,gpt-6-astra,1371,0,134,0.020410,0.000000,0.020410,7241
chatcmpl-EPExDFcj18mpcZJUHD3pNumDYcrvW,req_bcd4278131b74745b06b3298f0d8289c,P05_CRITIQUE_RERUN,brief_06_en_portrait45,gpt-6-astra,1371,0,138,0.020610,0.000000,0.020610,7148
chatcmpl-EPExK3AsCqurHzZ7K4oUmH01hKb5s,req_c7f4858145ba4b66973a42672bce5fc6,P05_CRITIQUE_RERUN,brief_07_ckb_portrait45,gpt-6-astra,1406,0,291,0.028610,0.000000,0.028610,8374
chatcmpl-EPExKhGAeuxypoldTsAVYXdqXMrDz,req_0497a9831af6426890624d13b06b497c,P05_CRITIQUE_RERUN,brief_08_ckb_portrait45,gpt-6-astra,1406,0,237,0.025910,0.000000,0.025910,8708
chatcmpl-EPExTQjqLYYmQm32yI7xGp9wvBxQq,req_f72708837a964626b28143c7687b5391,P05_CRITIQUE_RERUN,brief_09_en_story916,gpt-6-astra,1331,0,155,0.021060,0.000000,0.021060,6790
chatcmpl-EPExUDaJyzgtWtbsCob8el8kdkEWj,req_2adc2a7080d9451f94acbf661aac797b,P05_CRITIQUE_RERUN,brief_10_en_story916,gpt-6-astra,1331,0,329,0.029760,0.000000,0.029760,13987
chatcmpl-EPExlcXc0PV5Xj4NaZHfZVk5IfwQN,req_b09ed09818d94b518650e36a0fe05dfd,P05_CRITIQUE_RERUN,brief_11_ckb_story916,gpt-6-astra,1331,0,302,0.028410,0.000000,0.028410,10998
chatcmpl-EPExitp0lrH756SlqauuhZ7V3xsCP,req_d1c56358db2444e68a67a22168fed908,P05_CRITIQUE_RERUN,brief_12_ckb_story916,gpt-6-astra,1330,0,185,0.022550,0.000000,0.022550,8433
chatcmpl-EPExt0EVF7TslyBdS70i7mBJnEeEa,req_f2dbdae5d18849b092e6d8d9098f3351,P05_CRITIQUE_RERUN,brief_14_en_a4doc,gpt-6-astra,1392,0,465,0.037170,0.000000,0.037170,19330
chatcmpl-EPExt3Rzc27gxUwuuzdsVOAqqofUh,req_cb8fdba7bd264023a5c3497bb18c3f8b,P05_CRITIQUE_RERUN,brief_15_ckb_a4doc,gpt-6-astra,1397,0,204,0.024170,0.000000,0.024170,9921
chatcmpl-EPEyC22QoXeq9f5C8qdHlVvUZrWOT,req_8eb6cbe31909468c85d92b6b7008e166,P05_CRITIQUE_RERUN,brief_17_en_landscape169,gpt-6-astra,1299,0,129,0.019440,0.000000,0.019440,5898
chatcmpl-EPEyEWcpPLdQPvE7ppH7bb6wlSwGs,req_d2a4fc2a73894860a3e4b1fed02d43c1,P05_CRITIQUE_RERUN,brief_18_en_landscape169,gpt-6-astra,1301,0,283,0.027160,0.000000,0.027160,9113
chatcmpl-EPEyMO6rkK1ZOnkQ7Tg5N3v2rA5ob,req_2010eb34df5145cd9692e605f6a38719,P05_CRITIQUE_RERUN,brief_19_ckb_landscape169,gpt-6-astra,1299,0,160,0.020990,0.000000,0.020990,6678
chatcmpl-EPEyMkd9eVN5tnMkFxRYWMxT5WbYy,req_35d2eb0fc69845fa8d9a0dd590fdcbdc,P05_CRITIQUE_RERUN,brief_20_ckb_landscape169,gpt-6-astra,1300,0,326,0.029300,0.000000,0.029300,9913