case_id,language,exact_copy,checks_requested,design_id,element_id,png,review_status,reviewer,reviewed_at,notes
RTL-001,ckb,سڵاو جیهان,"glyphs, joining, right_alignment, roundtrip",DAHWW-oflAo,PBDK7BHkKYk3Ncw6-LBZrlP07Gd0fS1bh,group-1-round-2-canva.png,not_reviewed,,,
RTL-002,ar,مرحبا بالعالم,"glyphs, joining, right_alignment, roundtrip",DAHWW-oflAo,PBDK7BHkKYk3Ncw6-LBsBrpwCg4nrHQyk,group-1-round-2-canva.png,not_reviewed,,,
RTL-003,en,Hello world,"left_alignment, roundtrip",DAHWW-oflAo,PBDK7BHkKYk3Ncw6-LBcMMXdWjKVPfNrc,group-1-round-2-canva.png,not_reviewed,,,
RTL-004,ckb,نرخی تایبەت: ٢٥٬٠٠٠ دینار,"digits, thousands_separator, colon, joining, wrap",DAHWW-oflAo,PBDK7BHkKYk3Ncw6-LBZYh9Jt8Py458pX,group-1-round-2-canva.png,not_reviewed,,,
RTL-005,ar,السعر الخاص: ٢٥٬٠٠٠ دينار,"digits, thousands_separator, colon, joining, wrap",DAHWW-oflAo,PBDK7BHkKYk3Ncw6-LBRwXgKzZSYjPfr7,group-1-round-2-canva.png,not_reviewed,,,
RTL-006,mixed,NOVA ONE — بۆ هەنگاوی داهاتوو,"latin_product, rtl_phrase, dash, run_order",DAHWW-oflAo,PBDK7BHkKYk3Ncw6-LBCY9ZTJlcsZRrC7,group-1-round-2-canva.png,not_reviewed,,,
RTL-007,mixed,بۆ هەنگاوی داهاتوو — NOVA ONE,"rtl_phrase, latin_product, dash, run_order",DAHWW-oflAo,PBDK7BHkKYk3Ncw6-LBgnNGKyxMGTppKg,group-1-round-2-canva.png,not_reviewed,,,
RTL-008,mixed,کاتژمێر 8:30 PM,"latin_digits, colon, latin_suffix, run_order",DAHWW-oflAo,PBDK7BHkKYk3Ncw6-LBNh5Gyyx3QnPJHZ,group-1-round-2-canva.png,not_reviewed,,,
RTL-009,mixed,الساعة 8:30 PM,"latin_digits, colon, latin_suffix, run_order",DAHWW-oflAo,PBDK7BHkKYk3Ncw6-LBxpXpxbs4KKyncJ,group-1-round-2-canva.png,not_reviewed,,,
RTL-010,ckb,ژمارە: ٠٧٥٠ ١٢٣ ٤٥٦٧,"phone_digits, spaces, selection",DAHWW-oflAo,PBDK7BHkKYk3Ncw6-LBxCB61CCYlBhTz0,group-1-round-2-canva.png,not_reviewed,,,
RTL-011,mixed,رقم الهاتف: +964 750 123 4567,"plus, latin_digits, spaces, run_order",DAHWW7k0bDA,PB1dqknLtnTcty7P-LBrQl9LWzqSqSFLt,group-2-canva.png,not_reviewed,,,
RTL-012,mixed,careers.rona.example/jobs — داواکاری بنێرە,"url, slash, rtl_suffix, selection",DAHWW7k0bDA,PB1dqknLtnTcty7P-LBfFMD3NTzgpysf7,group-2-canva.png,not_reviewed,,,
RTL-013,mixed,داواکاری بنێرە: careers.rona.example/jobs,"url, colon, run_order",DAHWW7k0bDA,PB1dqknLtnTcty7P-LBM3CF7pVTVjMLcs,group-2-canva.png,not_reviewed,,,
RTL-014,mixed,@Rona #تەندروستی,"handle, hashtag, rtl_word",DAHWW7k0bDA,PB1dqknLtnTcty7P-LBdkS3nxqgQ202ss,group-2-canva.png,not_reviewed,,,
RTL-015,mixed,#الصحة @Rona,"hashtag, handle, run_order",DAHWW7k0bDA,PB1dqknLtnTcty7P-LBnVHVrdLKPx8PxV,group-2-canva.png,not_reviewed,,,
RTL-016,ckb,«ڕوونی، هێزی داهێنانە»,"guillemets, comma, joining",DAHWW7k0bDA,PB1dqknLtnTcty7P-LBDnGn5h7SnfW04t,group-2-canva.png,not_reviewed,,,
RTL-017,ar,“الوضوح ميزة إبداعية”,"smart_quotes, joining",DAHWW7k0bDA,PB1dqknLtnTcty7P-LBzC4bVkpKJvyrhb,group-2-canva.png,not_reviewed,,,
RTL-018,mixed,(NOVA ONE) بەرهەمی نوێ,"paired_brackets, rtl_suffix",DAHWW7k0bDA,PB1dqknLtnTcty7P-LBzLRpkHqcDwdjTR,group-2-canva.png,not_reviewed,,,
RTL-019,mixed,بەرهەمی نوێ (NOVA ONE),"paired_brackets, latin_run",DAHWW7k0bDA,PB1dqknLtnTcty7P-LBmRXJLjK9rlPrlW,group-2-canva.png,not_reviewed,,,
RTL-020,ckb,[١٠ی ئەیلوول] ڕووداو,"paired_brackets, digits, date",DAHWW7k0bDA,PB1dqknLtnTcty7P-LBCZLRcXwc21jWGc,group-2-canva.png,not_reviewed,,,
RTL-021,mixed,ڕووداو [10 September],"paired_brackets, latin_date",DAHWWwCxPqk,PBHQghk2rHzpjF4G-LBWlLlgCVytvXltM,group-3-canva.png,not_reviewed,,,
RTL-022,mixed,⁧NOVA ONE⁩ — بەرهەمی نوێ,"unicode_isolate, run_order",DAHWWwCxPqk,PBHQghk2rHzpjF4G-LBK06Dv4W330qMzc,group-3-canva.png,not_reviewed,,,
RTL-023,mixed,⁦careers.rona.example/jobs⁩ داواکاری,"unicode_isolate, url",DAHWWwCxPqk,PBHQghk2rHzpjF4G-LB850Chs7zgsHr0g,group-3-canva.png,not_reviewed,,,
RTL-024,ckb,د. لینا ڕەحمان,"abbreviation_dot, spaces, joining",DAHWWwCxPqk,PBHQghk2rHzpjF4G-LBmWF5KwD750dL7Q,group-3-canva.png,not_reviewed,,,
RTL-025,ar,د. لينا رحمن,"abbreviation_dot, spaces, joining",DAHWWwCxPqk,PBHQghk2rHzpjF4G-LBBf1z06k0bF700t,group-3-canva.png,not_reviewed,,,
RTL-026,ckb,ئەڵقەی ٢١: «شارەکان چۆن بیر دەکەنەوە؟»,"digits, colon, question_mark, quotes, wrap",DAHWWwCxPqk,PBHQghk2rHzpjF4G-LBHHyfsZlwCNYzR5,group-3-canva.png,not_reviewed,,,
RTL-027,ar,الحلقة 21: «كيف تتذكر المدن؟»,"latin_digits, colon, question_mark, quotes, wrap",DAHWWwCxPqk,PBHQghk2rHzpjF4G-LBlqbcFqVJ9gyMZt,group-3-canva.png,not_reviewed,,,
RTL-028,mixed,٢٩٬٥٠٠ IQD — سەبەتەی خێزان,"digits, latin_currency, dash, run_order",DAHWWwCxPqk,PBHQghk2rHzpjF4G-LB1CZ6NXmpbgfNc1,group-3-canva.png,not_reviewed,,,
RTL-029,mixed,"29,500 IQD — سلة العائلة","latin_price, rtl_suffix, dash",DAHWWwCxPqk,PBHQghk2rHzpjF4G-LBqRWsNtj0NdPnWB,group-3-canva.png,not_reviewed,,,
RTL-030,mixed,ئیمەیڵ: team@example.com,"email, colon, run_order",DAHWWwCxPqk,PBHQghk2rHzpjF4G-LBwZpCKVDqXmZkZF,group-3-canva.png,not_reviewed,,,
RTL-031,mixed,البريد: team@example.com,"email, colon, run_order",DAHWWxcep-I,PBmxHTHbBHbtz3mq-LBxBrp3k2mVd4ydn,group-4-canva.png,not_reviewed,,,
RTL-032,mixed,هەڵبژاردەی A/B بۆ ٢٠٢٦,"slash, latin_letters, digits",DAHWWxcep-I,PBmxHTHbBHbtz3mq-LBhg33grfRd6RF2V,group-4-canva.png,not_reviewed,,,
RTL-033,mixed,الخيار A/B لعام ٢٠٢٦,"slash, latin_letters, digits",DAHWWxcep-I,PBmxHTHbBHbtz3mq-LBm8Z24skGnRy4nK,group-4-canva.png,not_reviewed,,,
RTL-034,ckb,٥٠٪ داشکاندن,"percent_sign, digits, joining",DAHWWxcep-I,PBmxHTHbBHbtz3mq-LBKWssN0RCQQZ9ZT,group-4-canva.png,not_reviewed,,,
RTL-035,mixed,خصم 50%,"latin_digits, percent_sign, run_order",DAHWWxcep-I,PBmxHTHbBHbtz3mq-LBGpmjw2FKVdC6BM,group-4-canva.png,not_reviewed,,,
RTL-036,ckb,"ڕۆژی یەکشەممە
٦ی ئەیلوولی ٢٠٢٦
کاتژمێر ٦:٣٠","multiline, line_breaks, right_alignment, vertical_metrics",DAHWWxcep-I,PBmxHTHbBHbtz3mq-LBh4h8j01Jwgy219,group-4-canva.png,not_reviewed,,,
RTL-037,ar,"الأحد
6 سبتمبر 2026
6:30 مساءً","multiline, mixed_digits, right_alignment, vertical_metrics",DAHWWxcep-I,PBmxHTHbBHbtz3mq-LBDXhyLfzWdwhwtV,group-4-canva.png,not_reviewed,,,
RTL-038,mixed,سڵاو **NOVA** جیهان,"styled_runs, bold_boundary, run_order",DAHWWxcep-I,PBmxHTHbBHbtz3mq-LBwd7MGN804ZD05n,group-4-canva.png,not_reviewed,,,
RTL-039,mixed,مرحبا **NOVA** بالعالم,"styled_runs, bold_boundary, run_order",DAHWWxcep-I,PBmxHTHbBHbtz3mq-LBrXKp3GQvq3Wthb,group-4-canva.png,not_reviewed,,,
RTL-040,mixed,کوردی 😀 English 2026,"emoji, latin, digits, run_order",DAHWWxcep-I,PBmxHTHbBHbtz3mq-LBMbNJVft7V80LhZ,group-4-canva.png,not_reviewed,,,
