"requirementId","type","name","requirement","primaryTask","taskTitle","sourceDocument","status","evidenceRequired","scope"
"FR-001","FR","Canonical task creation","The system shall create tasks through Hawa Desk and adapter events without making any chat platform authoritative.","HD-027","Reliable manual intake and messaging adapters","docs/09_MESSAGING_AND_OFFICE_INBOX.md","VERIFIED — evidence in evidence/releases/2026-09-05-v1.0.0/HD-027/completion.json","TASK_SHEET.md:296 and universal completion contract","Required for applicable declared release"
"FR-002","FR","Raw event retention","The system shall preserve the normalized source event, source identifier, edit history, attachments, and thread context according to retention policy.","HD-027","Reliable manual intake and messaging adapters","docs/09_MESSAGING_AND_OFFICE_INBOX.md","VERIFIED — evidence in evidence/releases/2026-09-05-v1.0.0/HD-027/completion.json","TASK_SHEET.md:296 and universal completion contract","Required for applicable declared release"
"FR-003","FR","Webhook verification","Each adapter shall authenticate incoming events using the strongest source-supported mechanism before persistence.","HD-027","Reliable manual intake and messaging adapters","docs/09_MESSAGING_AND_OFFICE_INBOX.md","VERIFIED — evidence in evidence/releases/2026-09-05-v1.0.0/HD-027/completion.json","TASK_SHEET.md:296 and universal completion contract","Required for applicable declared release"
"FR-004","FR","Event idempotency","A repeated source event shall produce exactly one logical message event and no more than one task.","HD-007","Transactional inbox/outbox and idempotency","docs/09_MESSAGING_AND_OFFICE_INBOX.md","VERIFIED — evidence in evidence/releases/2026-09-05-v1.0.0/HD-007/completion.json","TASK_SHEET.md:136 and universal completion contract","Required for applicable declared release"
"FR-005","FR","Task promotion","Passive messages shall become production tasks only through an explicit command, mention, reaction, Hawa Desk action, or approved classifier policy.","HD-027","Reliable manual intake and messaging adapters","docs/09_MESSAGING_AND_OFFICE_INBOX.md","VERIFIED — evidence in evidence/releases/2026-09-05-v1.0.0/HD-027/completion.json","TASK_SHEET.md:296 and universal completion contract","Required for applicable declared release"
"FR-006","FR","Manual intake","Authorized users shall create tasks directly in Hawa Desk with files, exact copy, dimensions, due date, and client/project selection.","HD-027","Reliable manual intake and messaging adapters","docs/09_MESSAGING_AND_OFFICE_INBOX.md","VERIFIED — evidence in evidence/releases/2026-09-05-v1.0.0/HD-027/completion.json","TASK_SHEET.md:296 and universal completion contract","Required for applicable declared release"
"FR-007","FR","Client channel mapping","The system shall support versioned mappings from channel, group, topic, sender, alias, and campaign code to allowed clients/projects.","HD-027","Reliable manual intake and messaging adapters","docs/09_MESSAGING_AND_OFFICE_INBOX.md","VERIFIED — evidence in evidence/releases/2026-09-05-v1.0.0/HD-027/completion.json","TASK_SHEET.md:296 and universal completion contract","Required for applicable declared release"
"FR-008","FR","Deterministic routing first","Client/project resolution shall apply deterministic evidence before model classification.","HD-027","Reliable manual intake and messaging adapters","docs/09_MESSAGING_AND_OFFICE_INBOX.md","VERIFIED — evidence in evidence/releases/2026-09-05-v1.0.0/HD-027/completion.json","TASK_SHEET.md:296 and universal completion contract","Required for applicable declared release"
"FR-009","FR","Candidate-limited AI routing","The routing model shall receive only clients/projects permitted for the source context.","HD-027","Reliable manual intake and messaging adapters","docs/09_MESSAGING_AND_OFFICE_INBOX.md","VERIFIED — evidence in evidence/releases/2026-09-05-v1.0.0/HD-027/completion.json","TASK_SHEET.md:296 and universal completion contract","Required for applicable declared release"
"FR-010","FR","Ambiguity gate","Conflicting or sub-threshold routing shall pause and require an authorized human selection.","HD-027","Reliable manual intake and messaging adapters","docs/09_MESSAGING_AND_OFFICE_INBOX.md","VERIFIED — evidence in evidence/releases/2026-09-05-v1.0.0/HD-027/completion.json","TASK_SHEET.md:296 and universal completion contract","Required for applicable declared release"
"FR-011","FR","Scope lock","The selected tenant/client scope shall be immutable for a generation attempt and established before retrieval.","HD-003","Enforce tenant/client/project boundaries end to end","docs/09_MESSAGING_AND_OFFICE_INBOX.md","VERIFIED — evidence in evidence/releases/2026-09-05-v1.0.0/HD-003/completion.json","TASK_SHEET.md:104 and universal completion contract","Required for applicable declared release"
"FR-012","FR","Wrong-client correction","An authorized reviewer shall correct routing; downstream artifacts shall be invalidated and safely regenerated within the new scope.","HD-027","Reliable manual intake and messaging adapters","docs/09_MESSAGING_AND_OFFICE_INBOX.md","VERIFIED — evidence in evidence/releases/2026-09-05-v1.0.0/HD-027/completion.json","TASK_SHEET.md:296 and universal completion contract","Required for applicable declared release"
"FR-013","FR","Design brief schema","The system shall produce a schema-valid Design Brief containing exact copy, locale, direction, format, requirements, assets, constraints, risks, and missing facts.","HD-019","Authoritative facts, Client DNA and Drustee templates","docs/09_MESSAGING_AND_OFFICE_INBOX.md","VERIFIED — evidence in evidence/releases/2026-09-05-v1.0.0/HD-019/completion.json","TASK_SHEET.md:232 and universal completion contract","Required for applicable declared release"
"FR-014","FR","No invented facts","The system shall never invent names, dates, prices, contacts, locations, legal claims, dimensions, or official slogans.","HD-019","Authoritative facts, Client DNA and Drustee templates","docs/08_MEMORY_RAG_CLIENT_DNA.md","VERIFIED — evidence in evidence/releases/2026-09-05-v1.0.0/HD-019/completion.json","TASK_SHEET.md:232 and universal completion contract","Required for applicable declared release"
"FR-015","FR","Exact-copy lock","User- or client-approved copy shall be stored separately from model suggestions and compared byte/normalization-aware before approval.","HD-018","QA that genuinely blocks bad output","docs/08_MEMORY_RAG_CLIENT_DNA.md","VERIFIED — evidence in evidence/releases/2026-09-05-v1.0.0/HD-018/completion.json","TASK_SHEET.md:224 and universal completion contract","Required for applicable declared release"
"FR-016","FR","Task route selection","The system shall route work to template fill, editable AI composition, novel Creative Director workflow, or human-only design.","HD-025","Editable generation, variants and bounded repairs","docs/08_MEMORY_RAG_CLIENT_DNA.md","VERIFIED — evidence in evidence/releases/2026-09-05-v1.0.0/HD-025/completion.json","TASK_SHEET.md:280 and universal completion contract","Required for applicable declared release"
"FR-017","FR","Client DNA","Each client shall have versioned authoritative brand identity, language rules, assets, templates, permissions, folder mappings, approval policy, and prohibited elements.","HD-019","Authoritative facts, Client DNA and Drustee templates","docs/08_MEMORY_RAG_CLIENT_DNA.md","VERIFIED — evidence in evidence/releases/2026-09-05-v1.0.0/HD-019/completion.json","TASK_SHEET.md:232 and universal completion contract","Required for applicable declared release"
"FR-018","FR","Knowledge ingestion","Authorized documents and visual examples shall be parsed, versioned, hashed, and indexed with provenance.","HD-024","Real scoped retrieval and ingestion","docs/08_MEMORY_RAG_CLIENT_DNA.md","VERIFIED — evidence in evidence/releases/2026-09-05-v1.0.0/HD-024/completion.json","TASK_SHEET.md:272 and universal completion contract","Required for applicable declared release"
"FR-019","FR","Curated ingestion scope","Only explicitly approved client knowledge locations and files shall be indexed.","HD-024","Real scoped retrieval and ingestion","docs/08_MEMORY_RAG_CLIENT_DNA.md","VERIFIED — evidence in evidence/releases/2026-09-05-v1.0.0/HD-024/completion.json","TASK_SHEET.md:272 and universal completion contract","Required for applicable declared release"
"FR-020","FR","Hybrid retrieval","Retrieval shall combine structured truth, exact/glossary search, PostgreSQL full-text/trigram search, multimodal embeddings, and reranking.","HD-024","Real scoped retrieval and ingestion","docs/08_MEMORY_RAG_CLIENT_DNA.md","VERIFIED — evidence in evidence/releases/2026-09-05-v1.0.0/HD-024/completion.json","TASK_SHEET.md:272 and universal completion contract","Required for applicable declared release"
"FR-021","FR","Client-first retrieval filter","Every retrieval query shall enforce tenant/client and approval/version filters before similarity ranking.","HD-003","Enforce tenant/client/project boundaries end to end","docs/08_MEMORY_RAG_CLIENT_DNA.md","VERIFIED — evidence in evidence/releases/2026-09-05-v1.0.0/HD-003/completion.json","TASK_SHEET.md:104 and universal completion contract","Required for applicable declared release"
"FR-022","FR","Positive/negative separation","Approved examples may be positive references; rejected designs shall be negative-only and include reasons.","HD-024","Real scoped retrieval and ingestion","docs/08_MEMORY_RAG_CLIENT_DNA.md","VERIFIED — evidence in evidence/releases/2026-09-05-v1.0.0/HD-024/completion.json","TASK_SHEET.md:272 and universal completion contract","Required for applicable declared release"
"FR-023","FR","Retrieval evidence","Every Design Plan shall cite the exact rules, assets, examples, and feedback records used.","HD-024","Real scoped retrieval and ingestion","docs/07_MODEL_REGISTRY_AND_EVALUATION.md","VERIFIED — evidence in evidence/releases/2026-09-05-v1.0.0/HD-024/completion.json","TASK_SHEET.md:272 and universal completion contract","Required for applicable declared release"
"FR-024","FR","Private composition reference","Novel designs may generate one private art-direction reference whose pixels shall never enter the shipped artifact.","HD-025","Editable generation, variants and bounded repairs","docs/07_MODEL_REGISTRY_AND_EVALUATION.md","VERIFIED — evidence in evidence/releases/2026-09-05-v1.0.0/HD-025/completion.json","TASK_SHEET.md:280 and universal completion contract","Required for applicable declared release"
"FR-025","FR","Asset architecture","The Creative Director shall select slot matrix, modular field, continuous scene, cutout stack, or layered collage before asset generation.","HD-025","Editable generation, variants and bounded repairs","docs/07_MODEL_REGISTRY_AND_EVALUATION.md","VERIFIED — evidence in evidence/releases/2026-09-05-v1.0.0/HD-025/completion.json","TASK_SHEET.md:280 and universal completion contract","Required for applicable declared release"
"FR-026","FR","Independent visual assets","Replaceable visual roles shall be generated or imported as independent assets when doing so preserves editability and quality.","HD-025","Editable generation, variants and bounded repairs","docs/07_MODEL_REGISTRY_AND_EVALUATION.md","VERIFIED — evidence in evidence/releases/2026-09-05-v1.0.0/HD-025/completion.json","TASK_SHEET.md:280 and universal completion contract","Required for applicable declared release"
"FR-027","FR","Approved logos only","Official logos shall be selected by immutable asset ID/hash and shall never be recreated by an image model.","HD-014","Asset integrity and optional external-editor handoff","docs/07_MODEL_REGISTRY_AND_EVALUATION.md","VERIFIED — evidence in evidence/releases/2026-09-05-v1.0.0/HD-014/completion.json","TASK_SHEET.md:192 and universal completion contract","Required for applicable declared release"
"FR-028","FR","Editable source","Every automated graphic shall retain an editable structured source document with live text and independently addressable nodes.","HD-011","One complete canonical document model","docs/07_MODEL_REGISTRY_AND_EVALUATION.md","VERIFIED — evidence in evidence/releases/2026-09-05-v1.0.0/HD-011/completion.json","TASK_SHEET.md:168 and universal completion contract","Required for applicable declared release"
"FR-029","FR","Canonical creative document","The accepted studio document and its content hash shall be the authoritative creative structure for a revision.","HD-009","Real hashes and deterministic identities","docs/05_CREATIVE_ENGINE.md","VERIFIED — evidence in evidence/releases/2026-09-05-v1.0.0/HD-009/completion.json","TASK_SHEET.md:152 and universal completion contract","Required for applicable declared release"
"FR-030","FR","Studio adapter","All business operations shall access the design engine through a versioned adapter contract.","HD-010","Resolve the editor admission decision","docs/05_CREATIVE_ENGINE.md","VERIFIED — evidence in evidence/releases/2026-09-05-v1.0.0/HD-010/completion.json","TASK_SHEET.md:160 and universal completion contract","Required for applicable declared release"
"FR-031","FR","Local edit preservation","A user shall modify one text, image, color, crop, or layout node without regenerating unrelated content.","HD-016","Reliable undo/redo and editing commands","docs/05_CREATIVE_ENGINE.md","VERIFIED — evidence in evidence/releases/2026-09-05-v1.0.0/HD-016/completion.json","TASK_SHEET.md:208 and universal completion contract","Required for applicable declared release"
"FR-032","FR","Design versioning","Every saved revision shall create an immutable version record and preserve parent/child relationships.","HD-015","Atomic saves, honest autosave and conflict recovery","docs/05_CREATIVE_ENGINE.md","VERIFIED — evidence in evidence/releases/2026-09-05-v1.0.0/HD-015/completion.json","TASK_SHEET.md:200 and universal completion contract","Required for applicable declared release"
"FR-033","FR","Multi-format variants","The system shall generate required aspect ratios as linked variants while preserving explicit per-variant overrides.","HD-012","Preview/export parity and complete delivery files","docs/05_CREATIVE_ENGINE.md","VERIFIED — evidence in evidence/releases/2026-09-05-v1.0.0/HD-012/completion.json","TASK_SHEET.md:176 and universal completion contract","Required for applicable declared release"
"FR-034","FR","Sorani support","The editor, renderer, QA, and review flow shall support Central Kurdish/Sorani script, punctuation, digits, fonts, and mixed-direction text.","HD-013","Professional Sorani/Arabic typography and fonts","docs/05_CREATIVE_ENGINE.md","VERIFIED — evidence in evidence/releases/2026-09-05-v1.0.0/HD-013/completion.json","TASK_SHEET.md:184 and universal completion contract","Required for applicable declared release"
"FR-035","FR","Arabic support","The editor, renderer, QA, and review flow shall support Arabic shaping, direction, punctuation, digits, and mixed Latin segments.","HD-013","Professional Sorani/Arabic typography and fonts","docs/05_CREATIVE_ENGINE.md","VERIFIED — evidence in evidence/releases/2026-09-05-v1.0.0/HD-013/completion.json","TASK_SHEET.md:184 and universal completion contract","Required for applicable declared release"
"FR-036","FR","Language metadata","Every text node shall carry locale, direction, canonical copy reference, and normalization policy.","HD-011","One complete canonical document model","docs/05_CREATIVE_ENGINE.md","VERIFIED — evidence in evidence/releases/2026-09-05-v1.0.0/HD-011/completion.json","TASK_SHEET.md:168 and universal completion contract","Required for applicable declared release"
"FR-037","FR","Font management","Authorized users shall upload/version client fonts; the system shall validate licensing metadata and glyph coverage.","HD-013","Professional Sorani/Arabic typography and fonts","docs/05_CREATIVE_ENGINE.md","VERIFIED — evidence in evidence/releases/2026-09-05-v1.0.0/HD-013/completion.json","TASK_SHEET.md:184 and universal completion contract","Required for applicable declared release"
"FR-038","FR","Deterministic render QA","The system shall validate schema, dimensions, file integrity, text overflow, clipping, glyphs, bidi behavior, safe zones, approved assets, and package completeness.","HD-018","QA that genuinely blocks bad output","docs/05_CREATIVE_ENGINE.md","VERIFIED — evidence in evidence/releases/2026-09-05-v1.0.0/HD-018/completion.json","TASK_SHEET.md:224 and universal completion contract","Required for applicable declared release"
"FR-039","FR","Visual QA","An independent vision model shall score a fixed rubric and return evidence-linked findings without overriding hard checks.","HD-040","Real model/editor quality evaluation and admission","docs/11_QA_RTL_MULTILINGUAL.md","VERIFIED — evidence in evidence/releases/2026-09-05-v1.0.0/HD-040/completion.json","TASK_SHEET.md:402 and universal completion contract","Required for applicable declared release"
"FR-040","FR","Bounded repair","Automatic repair shall run no more than two times per failed candidate unless a human explicitly authorizes another attempt.","HD-025","Editable generation, variants and bounded repairs","docs/11_QA_RTL_MULTILINGUAL.md","VERIFIED — evidence in evidence/releases/2026-09-05-v1.0.0/HD-025/completion.json","TASK_SHEET.md:280 and universal completion contract","Required for applicable declared release"
"FR-041","FR","Human review","Reviewers shall inspect full-size output, exact copy, references, QA evidence, and revision differences before approval.","HD-020","Real review, revision differences and safe actions","docs/11_QA_RTL_MULTILINGUAL.md","VERIFIED — evidence in evidence/releases/2026-09-05-v1.0.0/HD-020/completion.json","TASK_SHEET.md:240 and universal completion contract","Required for applicable declared release"
"FR-042","FR","Structured revision","A revision request shall identify scope, category, target nodes, priority, and whether the feedback is one-time or reusable.","HD-020","Real review, revision differences and safe actions","docs/11_QA_RTL_MULTILINGUAL.md","VERIFIED — evidence in evidence/releases/2026-09-05-v1.0.0/HD-020/completion.json","TASK_SHEET.md:240 and universal completion contract","Required for applicable declared release"
"FR-043","FR","Approval authority","Only users with the configured client/project role may approve or reject a design.","HD-008","Bind approval to the exact revision and QA","docs/11_QA_RTL_MULTILINGUAL.md","VERIFIED — evidence in evidence/releases/2026-09-05-v1.0.0/HD-008/completion.json","TASK_SHEET.md:144 and universal completion contract","Required for applicable declared release"
"FR-044","FR","Approval immutability","Approval records shall be append-only and bound to an exact design/artifact hash.","HD-008","Bind approval to the exact revision and QA","docs/11_QA_RTL_MULTILINGUAL.md","VERIFIED — evidence in evidence/releases/2026-09-05-v1.0.0/HD-008/completion.json","TASK_SHEET.md:144 and universal completion contract","Required for applicable declared release"
"FR-045","FR","Publication package","Approval shall produce final formats, editable source, assets, brief, design plan, QC report, provenance, and approval manifest.","HD-021","Genuine verified Google publication","docs/13_GOOGLE_DRIVE_SHEETS.md","VERIFIED — evidence in evidence/releases/2026-09-05-v1.0.0/HD-021/completion.json","TASK_SHEET.md:248 and universal completion contract","Required for applicable declared release"
"FR-046","FR","Deterministic Drive destination","Drive IDs shall come from Client DNA; models shall not search for or choose destination folders.","HD-021","Genuine verified Google publication","docs/13_GOOGLE_DRIVE_SHEETS.md","VERIFIED — evidence in evidence/releases/2026-09-05-v1.0.0/HD-021/completion.json","TASK_SHEET.md:248 and universal completion contract","Required for applicable declared release"
"FR-047","FR","Idempotent Drive upload","A retry shall reuse or verify existing files by task/revision/output/content hash rather than create duplicates.","HD-021","Genuine verified Google publication","docs/13_GOOGLE_DRIVE_SHEETS.md","VERIFIED — evidence in evidence/releases/2026-09-05-v1.0.0/HD-021/completion.json","TASK_SHEET.md:248 and universal completion contract","Required for applicable declared release"
"FR-048","FR","Publication verification","The publisher shall read back file IDs, sizes, checksums/metadata, and permissions before marking completion.","HD-021","Genuine verified Google publication","docs/13_GOOGLE_DRIVE_SHEETS.md","VERIFIED — evidence in evidence/releases/2026-09-05-v1.0.0/HD-021/completion.json","TASK_SHEET.md:248 and universal completion contract","Required for applicable declared release"
"FR-049","FR","Sheets upsert","The reporting sheet shall be updated by immutable task ID and stored row identity, never blind-appended on retries.","HD-021","Genuine verified Google publication","docs/13_GOOGLE_DRIVE_SHEETS.md","VERIFIED — evidence in evidence/releases/2026-09-05-v1.0.0/HD-021/completion.json","TASK_SHEET.md:248 and universal completion contract","Required for applicable declared release"
"FR-050","FR","Publication reconciliation","A scheduled process shall compare PostgreSQL, Drive, and Sheet state and repair or flag divergence.","HD-022","Reconciliation and notifications that converge","docs/13_GOOGLE_DRIVE_SHEETS.md","VERIFIED — evidence in evidence/releases/2026-09-05-v1.0.0/HD-022/completion.json","TASK_SHEET.md:256 and universal completion contract","Required for applicable declared release"
"FR-051","FR","Thread notification","The originating adapter shall receive status and final links when permitted; notification failure shall not roll back publication.","HD-022","Reconciliation and notifications that converge","docs/13_GOOGLE_DRIVE_SHEETS.md","VERIFIED — evidence in evidence/releases/2026-09-05-v1.0.0/HD-022/completion.json","TASK_SHEET.md:256 and universal completion contract","Required for applicable declared release"
"FR-052","FR","Feedback ledger","Every correction, approval, rejection, and manual edit shall become a structured feedback event.","HD-026","Feedback and brand-rule governance","docs/18_FEEDBACK_LEARNING.md","VERIFIED — evidence in evidence/releases/2026-09-05-v1.0.0/HD-026/completion.json","TASK_SHEET.md:288 and universal completion contract","Required for applicable declared release"
"FR-053","FR","Rule proposals","Repeated or explicit corrections may create scoped candidate rules with supporting evidence.","HD-026","Feedback and brand-rule governance","docs/18_FEEDBACK_LEARNING.md","VERIFIED — evidence in evidence/releases/2026-09-05-v1.0.0/HD-026/completion.json","TASK_SHEET.md:288 and universal completion contract","Required for applicable declared release"
"FR-054","FR","Rule governance","Only authorized humans may activate, retire, or supersede a Client DNA rule.","HD-026","Feedback and brand-rule governance","docs/18_FEEDBACK_LEARNING.md","VERIFIED — evidence in evidence/releases/2026-09-05-v1.0.0/HD-026/completion.json","TASK_SHEET.md:288 and universal completion contract","Required for applicable declared release"
"FR-055","FR","Evaluation-case creation","Important failures and accepted edge cases shall be promotable into regression datasets.","HD-026","Feedback and brand-rule governance","docs/18_FEEDBACK_LEARNING.md","VERIFIED — evidence in evidence/releases/2026-09-05-v1.0.0/HD-026/completion.json","TASK_SHEET.md:288 and universal completion contract","Required for applicable declared release"
"FR-056","FR","Model registry","All model roles shall resolve through a versioned registry containing exact model ID, provider, parameters, limits, cost, policy, and evaluation status.","HD-023","Honest, bounded and policy-enforced AI gateway","docs/07_MODEL_REGISTRY_AND_EVALUATION.md","VERIFIED — evidence in evidence/releases/2026-09-05-v1.0.0/HD-023/completion.json","TASK_SHEET.md:264 and universal completion contract","Required for applicable declared release"
"FR-057","FR","Model admission","A model/prompt/tool change shall not become primary until it passes the defined offline evaluation and canary gates.","HD-040","Real model/editor quality evaluation and admission","docs/07_MODEL_REGISTRY_AND_EVALUATION.md","VERIFIED — evidence in evidence/releases/2026-09-05-v1.0.0/HD-040/completion.json","TASK_SHEET.md:402 and universal completion contract","Required for applicable declared release"
"FR-058","FR","Model fallback","Each critical model role shall have an evaluated fallback with explicitly allowed degradation.","HD-023","Honest, bounded and policy-enforced AI gateway","docs/07_MODEL_REGISTRY_AND_EVALUATION.md","VERIFIED — evidence in evidence/releases/2026-09-05-v1.0.0/HD-023/completion.json","TASK_SHEET.md:264 and universal completion contract","Required for applicable declared release"
"FR-059","FR","Provider outage handling","Provider failures shall pause, retry, fall back according to policy, or request human action without losing completed work.","HD-023","Honest, bounded and policy-enforced AI gateway","docs/07_MODEL_REGISTRY_AND_EVALUATION.md","VERIFIED — evidence in evidence/releases/2026-09-05-v1.0.0/HD-023/completion.json","TASK_SHEET.md:264 and universal completion contract","Required for applicable declared release"
"FR-060","FR","Workflow recovery","Every long-running task shall resume after worker/server restart without repeating completed non-idempotent side effects.","HD-006","Execute durable workflows through the real controller","docs/10_WORKFLOW_RELIABILITY.md","VERIFIED — evidence in evidence/releases/2026-09-05-v1.0.0/HD-006/completion.json","TASK_SHEET.md:128 and universal completion contract","Required for applicable declared release"
"FR-061","FR","Manual workflow control","Operators shall pause, resume, cancel, replay, or restart from an approved checkpoint with an audit reason.","HD-006","Execute durable workflows through the real controller","docs/10_WORKFLOW_RELIABILITY.md","VERIFIED — evidence in evidence/releases/2026-09-05-v1.0.0/HD-006/completion.json","TASK_SHEET.md:128 and universal completion contract","Required for applicable declared release"
"FR-062","FR","Capacity control","The system shall limit expensive model, GPU, render, and publication concurrency by office/client/task scope.","HD-037","Capacity, backpressure and real SLOs","docs/10_WORKFLOW_RELIABILITY.md","VERIFIED — evidence in evidence/releases/2026-09-05-v1.0.0/HD-037/completion.json","TASK_SHEET.md:376 and universal completion contract","Required for applicable declared release"
"FR-063","FR","Operational inbox","Hawa Desk shall show new, blocked, generating, review, failed, publishing, and completed tasks with actionable reasons.","HD-029","Actionable operations and truthful telemetry","docs/10_WORKFLOW_RELIABILITY.md","VERIFIED — evidence in evidence/releases/2026-09-05-v1.0.0/HD-029/completion.json","TASK_SHEET.md:312 and universal completion contract","Required for applicable declared release"
"FR-064","FR","Operations evidence","A failed step shall expose sanitized inputs, outputs, attempts, error class, next safe action, and trace link.","HD-029","Actionable operations and truthful telemetry","docs/10_WORKFLOW_RELIABILITY.md","VERIFIED — evidence in evidence/releases/2026-09-05-v1.0.0/HD-029/completion.json","TASK_SHEET.md:312 and universal completion contract","Required for applicable declared release"
"FR-065","FR","AI tracing","Every AI call shall record role, exact model, prompt version, tool/schema version, token/asset cost, latency, and trace ID.","HD-023","Honest, bounded and policy-enforced AI gateway","docs/10_WORKFLOW_RELIABILITY.md","VERIFIED — evidence in evidence/releases/2026-09-05-v1.0.0/HD-023/completion.json","TASK_SHEET.md:264 and universal completion contract","Required for applicable declared release"
"FR-066","FR","Data minimization","Only the minimum client context required by a model call shall leave the office, subject to client egress policy.","HD-038","Retention, safe deletion and data portability","docs/14_SECURITY_THREAT_MODEL.md","VERIFIED — evidence in evidence/releases/2026-09-05-v1.0.0/HD-038/completion.json","TASK_SHEET.md:384 and universal completion contract","Required for applicable declared release"
"FR-067","FR","Local-only policy","A client/project may prohibit all external model calls and route to local models or humans.","HD-023","Honest, bounded and policy-enforced AI gateway","docs/14_SECURITY_THREAT_MODEL.md","VERIFIED — evidence in evidence/releases/2026-09-05-v1.0.0/HD-023/completion.json","TASK_SHEET.md:264 and universal completion contract","Required for applicable declared release"
"FR-068","FR","Prompt-injection boundary","Message/document instructions shall not alter permissions, system policies, tools, client scope, publication destination, or approval.","HD-004","Treat every imported file and rendered asset as untrusted","docs/14_SECURITY_THREAT_MODEL.md","VERIFIED — evidence in evidence/releases/2026-09-05-v1.0.0/HD-004/completion.json","TASK_SHEET.md:112 and universal completion contract","Required for applicable declared release"
"FR-069","FR","Audit trail","Security- and business-relevant actions shall be append-only, attributable, timestamped, and queryable.","HD-008","Bind approval to the exact revision and QA","docs/14_SECURITY_THREAT_MODEL.md","VERIFIED — evidence in evidence/releases/2026-09-05-v1.0.0/HD-008/completion.json","TASK_SHEET.md:144 and universal completion contract","Required for applicable declared release"
"FR-070","FR","Backup and restore","The system shall create encrypted backups and prove restoration on a clean environment at the defined cadence.","HD-031","Real encrypted backup and clean-host restoration","docs/14_SECURITY_THREAT_MODEL.md","VERIFIED — evidence in evidence/releases/2026-09-05-v1.0.0/HD-031/completion.json","TASK_SHEET.md:328 and universal completion contract","Required for applicable declared release"
"FR-071","FR","Adapter health","The system shall monitor sequence gaps, authentication state, webhook health, and last successful reconciliation per adapter.","HD-029","Actionable operations and truthful telemetry","docs/14_SECURITY_THREAT_MODEL.md","VERIFIED — evidence in evidence/releases/2026-09-05-v1.0.0/HD-029/completion.json","TASK_SHEET.md:312 and universal completion contract","Required for applicable declared release"
"FR-072","FR","WhatsApp isolation","WAHA shall run under a dedicated account and network/service boundary with a kill switch and no authoritative state.","HD-028","Isolate optional GPU and WhatsApp execution","docs/14_SECURITY_THREAT_MODEL.md","VERIFIED — evidence in evidence/releases/2026-09-05-v1.0.0/HD-028/completion.json","TASK_SHEET.md:304 and universal completion contract","Conditional: prove disabled or complete before enablement"
"FR-073","FR","ComfyUI isolation","Only allowlisted, pinned, scanned ComfyUI nodes/workflows shall execute; workers shall not receive office database credentials.","HD-028","Isolate optional GPU and WhatsApp execution","docs/14_SECURITY_THREAT_MODEL.md","VERIFIED — evidence in evidence/releases/2026-09-05-v1.0.0/HD-028/completion.json","TASK_SHEET.md:304 and universal completion contract","Conditional: prove disabled or complete before enablement"
"FR-074","FR","Upstream pinning","Editors, workflows, model weights, and critical containers shall be pinned by immutable version/digest and upgraded only through compatibility testing.","HD-039","Supply-chain and security release verification","docs/14_SECURITY_THREAT_MODEL.md","VERIFIED — evidence in evidence/releases/2026-09-05-v1.0.0/HD-039/completion.json","TASK_SHEET.md:392 and universal completion contract","Required for applicable declared release"
"FR-075","FR","Studio fallback export","The system shall retain enough neutral manifest data and standard exports to migrate a design away from the selected studio.","HD-014","Asset integrity and optional external-editor handoff","docs/06_EDITABLE_DOCUMENT_STRATEGY.md","VERIFIED — evidence in evidence/releases/2026-09-05-v1.0.0/HD-014/completion.json","TASK_SHEET.md:192 and universal completion contract","Required for applicable declared release"
"FR-076","FR","Accessibility","Hawa Desk shall support keyboard navigation, visible focus, sufficient contrast, semantic status, and reduced motion.","HD-035","Accessibility as a complete workflow","docs/06_EDITABLE_DOCUMENT_STRATEGY.md","VERIFIED — evidence in evidence/releases/2026-09-05-v1.0.0/HD-035/completion.json","TASK_SHEET.md:360 and universal completion contract","Required for applicable declared release"
"FR-077","FR","Search and history","Authorized users shall search tasks, clients, copy, assets, feedback, and revisions without leaking other clients.","HD-003","Enforce tenant/client/project boundaries end to end","docs/17_UI_UX.md","VERIFIED — evidence in evidence/releases/2026-09-05-v1.0.0/HD-003/completion.json","TASK_SHEET.md:104 and universal completion contract","Required for applicable declared release"
"FR-078","FR","Office configuration","Admins shall configure clients, projects, adapters, roles, model policies, folders, templates, and review gates without code changes.","HD-019","Authoritative facts, Client DNA and Drustee templates","docs/17_UI_UX.md","VERIFIED — evidence in evidence/releases/2026-09-05-v1.0.0/HD-019/completion.json","TASK_SHEET.md:232 and universal completion contract","Required for applicable declared release"
"FR-079","FR","Cost controls","The system shall enforce per-role budgets, generation caps, and visible estimated/actual cost before expensive reruns.","HD-023","Honest, bounded and policy-enforced AI gateway","docs/17_UI_UX.md","VERIFIED — evidence in evidence/releases/2026-09-05-v1.0.0/HD-023/completion.json","TASK_SHEET.md:264 and universal completion contract","Required for applicable declared release"
"FR-080","FR","Safe deletion","Destructive actions shall use retention-aware soft deletion and preserve audit; permanent purge requires explicit privileged workflow.","HD-038","Retention, safe deletion and data portability","docs/17_UI_UX.md","VERIFIED — evidence in evidence/releases/2026-09-05-v1.0.0/HD-038/completion.json","TASK_SHEET.md:384 and universal completion contract","Required for applicable declared release"
"NFR-001","NFR","Reliability","No acknowledged task event may be silently lost. Event processing is at-least-once with logical exactly-once effects.","HD-005","Make PostgreSQL the real source of truth","MASTER_SPEC.md","VERIFIED — evidence in evidence/releases/2026-09-05-v1.0.0/HD-005/completion.json","TASK_SHEET.md:120 and universal completion contract","Required for applicable declared release"
"NFR-002","NFR","Availability","Core office intake and review target 99.5% monthly availability on supported infrastructure; adapters may have lower independent availability.","HD-037","Capacity, backpressure and real SLOs","MASTER_SPEC.md","VERIFIED — evidence in evidence/releases/2026-09-05-v1.0.0/HD-037/completion.json","TASK_SHEET.md:376 and universal completion contract","Required for applicable declared release"
"NFR-003","NFR","Recovery","Target database RPO ≤15 minutes and core RTO ≤4 hours; restore drills must prove these targets.","HD-031","Real encrypted backup and clean-host restoration","MASTER_SPEC.md","VERIFIED — evidence in evidence/releases/2026-09-05-v1.0.0/HD-031/completion.json","TASK_SHEET.md:328 and universal completion contract","Required for applicable declared release"
"NFR-004","NFR","Performance","P95 Hawa Desk task list ≤1.5 s on office network; P95 webhook acknowledgement ≤1 s; non-AI state transitions ≤2 s.","HD-033","Measured editor responsiveness and resource budgets","MASTER_SPEC.md","VERIFIED — evidence in evidence/releases/2026-09-05-v1.0.0/HD-033/completion.json","TASK_SHEET.md:344 and universal completion contract","Required for applicable declared release"
"NFR-005","NFR","Scalability","Support 100 active clients, 100,000 tasks, 2 million knowledge chunks, 25 concurrent office users, and controlled GPU/API queues without architecture change.","HD-037","Capacity, backpressure and real SLOs","MASTER_SPEC.md","VERIFIED — evidence in evidence/releases/2026-09-05-v1.0.0/HD-037/completion.json","TASK_SHEET.md:376 and universal completion contract","Required for applicable declared release"
"NFR-006","NFR","Security","Least privilege, client isolation, encrypted transport, server-side secrets, protected admin interfaces, and auditable authorization are mandatory.","HD-039","Supply-chain and security release verification","MASTER_SPEC.md","VERIFIED — evidence in evidence/releases/2026-09-05-v1.0.0/HD-039/completion.json","TASK_SHEET.md:392 and universal completion contract","Required for applicable declared release"
"NFR-007","NFR","Privacy","Per-client retention and model-egress policy shall be enforceable and testable.","HD-038","Retention, safe deletion and data portability","MASTER_SPEC.md","VERIFIED — evidence in evidence/releases/2026-09-05-v1.0.0/HD-038/completion.json","TASK_SHEET.md:384 and universal completion contract","Required for applicable declared release"
"NFR-008","NFR","Editability","100% of automated production designs shall have a valid editable source; flattened-only output is a blocked failure.","HD-011","One complete canonical document model","MASTER_SPEC.md","VERIFIED — evidence in evidence/releases/2026-09-05-v1.0.0/HD-011/completion.json","TASK_SHEET.md:168 and universal completion contract","Required for applicable declared release"
"NFR-009","NFR","Multilingual correctness","All critical Sorani/Arabic golden cases shall pass exact-copy and native-speaker visual review before release.","HD-013","Professional Sorani/Arabic typography and fonts","MASTER_SPEC.md","VERIFIED — evidence in evidence/releases/2026-09-05-v1.0.0/HD-013/completion.json","TASK_SHEET.md:184 and universal completion contract","Required for applicable declared release"
"NFR-010","NFR","Portability","Operational data exports to documented JSON/CSV/SQL; designs export as `.hyc` plus standard SVG/PDF/PNG and a source manifest.","HD-014","Asset integrity and optional external-editor handoff","MASTER_SPEC.md","VERIFIED — evidence in evidence/releases/2026-09-05-v1.0.0/HD-014/completion.json","TASK_SHEET.md:192 and universal completion contract","Required for applicable declared release"
"NFR-011","NFR","Observability","Every task shall be traceable across ingress, workflow, retrieval, model, studio, QA, approval, and publication.","HD-029","Actionable operations and truthful telemetry","MASTER_SPEC.md","VERIFIED — evidence in evidence/releases/2026-09-05-v1.0.0/HD-029/completion.json","TASK_SHEET.md:312 and universal completion contract","Required for applicable declared release"
"NFR-012","NFR","Maintainability","Core business logic shall be covered by unit/contract tests and kept independent of specific adapters, models, and editors.","HD-032","CI and tests that cannot certify the wrong thing","MASTER_SPEC.md","VERIFIED — evidence in evidence/releases/2026-09-05-v1.0.0/HD-032/completion.json","TASK_SHEET.md:336 and universal completion contract","Required for applicable declared release"
"NFR-013","NFR","Upgrade safety","No production dependency auto-updates; upgrades require backup, compatibility suite, canary, and rollback artifact.","HD-030","One reproducible, secure deployment","MASTER_SPEC.md","VERIFIED — evidence in evidence/releases/2026-09-05-v1.0.0/HD-030/completion.json","TASK_SHEET.md:320 and universal completion contract","Required for applicable declared release"
"NFR-014","NFR","Determinism","Given the same approved inputs and pinned deterministic steps, routing, validation, filenames, and publication identities shall be repeatable.","HD-009","Real hashes and deterministic identities","MASTER_SPEC.md","VERIFIED — evidence in evidence/releases/2026-09-05-v1.0.0/HD-009/completion.json","TASK_SHEET.md:152 and universal completion contract","Required for applicable declared release"
"NFR-015","NFR","Auditability","Approvals, rule changes, permissions, publications, and operator interventions shall be immutable and attributable.","HD-008","Bind approval to the exact revision and QA","MASTER_SPEC.md","VERIFIED — evidence in evidence/releases/2026-09-05-v1.0.0/HD-008/completion.json","TASK_SHEET.md:144 and universal completion contract","Required for applicable declared release"
"NFR-016","NFR","Usability","A trained office operator shall create, route, review, revise, and publish routine work without command-line access.","HD-036","Consistent professional interaction and visual finish","MASTER_SPEC.md","VERIFIED — evidence in evidence/releases/2026-09-05-v1.0.0/HD-036/completion.json","TASK_SHEET.md:368 and universal completion contract","Required for applicable declared release"
"NFR-017","NFR","Failure clarity","Every blocked/failed task shall expose a human-readable cause and one safe next action.","HD-029","Actionable operations and truthful telemetry","MASTER_SPEC.md","VERIFIED — evidence in evidence/releases/2026-09-05-v1.0.0/HD-029/completion.json","TASK_SHEET.md:312 and universal completion contract","Required for applicable declared release"
"NFR-018","NFR","Cost efficiency","Routine template tasks shall avoid image generation and deep models when deterministic operations satisfy requirements.","HD-025","Editable generation, variants and bounded repairs","MASTER_SPEC.md","VERIFIED — evidence in evidence/releases/2026-09-05-v1.0.0/HD-025/completion.json","TASK_SHEET.md:280 and universal completion contract","Required for applicable declared release"
"NFR-019","NFR","Vendor independence","Failure or retirement of one model/provider, messaging adapter, or studio shall not require rewriting business state or workflow.","HD-010","Resolve the editor admission decision","MASTER_SPEC.md","VERIFIED — evidence in evidence/releases/2026-09-05-v1.0.0/HD-010/completion.json","TASK_SHEET.md:160 and universal completion contract","Required for applicable declared release"
"NFR-020","NFR","Data integrity","Foreign keys, constraints, hashes, append-only ledgers, and reconciliation protect against plausible-but-wrong state.","HD-005","Make PostgreSQL the real source of truth","MASTER_SPEC.md","VERIFIED — evidence in evidence/releases/2026-09-05-v1.0.0/HD-005/completion.json","TASK_SHEET.md:120 and universal completion contract","Required for applicable declared release"
"NFR-021","NFR","Accessibility","Target WCAG 2.2 AA for the Hawa Desk operational UI.","HD-035","Accessibility as a complete workflow","MASTER_SPEC.md","VERIFIED — evidence in evidence/releases/2026-09-05-v1.0.0/HD-035/completion.json","TASK_SHEET.md:360 and universal completion contract","Required for applicable declared release"
"NFR-022","NFR","Internationalization","UI strings and content metadata support English, Central Kurdish (`ckb`), and Arabic (`ar`) with direction isolation.","HD-013","Professional Sorani/Arabic typography and fonts","MASTER_SPEC.md","VERIFIED — evidence in evidence/releases/2026-09-05-v1.0.0/HD-013/completion.json","TASK_SHEET.md:184 and universal completion contract","Required for applicable declared release"
"NFR-023","NFR","Deployment simplicity","The base office deployment runs on one protected server plus optional GPU worker; Kubernetes is not required.","HD-030","One reproducible, secure deployment","MASTER_SPEC.md","VERIFIED — evidence in evidence/releases/2026-09-05-v1.0.0/HD-030/completion.json","TASK_SHEET.md:320 and universal completion contract","Required for applicable declared release"
"NFR-024","NFR","Testability","All third-party adapters have contract fakes and deterministic fixtures; model quality is tested separately from workflow correctness.","HD-032","CI and tests that cannot certify the wrong thing","MASTER_SPEC.md","VERIFIED — evidence in evidence/releases/2026-09-05-v1.0.0/HD-032/completion.json","TASK_SHEET.md:336 and universal completion contract","Required for applicable declared release"
"NFR-025","NFR","Evidence discipline","Claims about third-party capabilities remain conditional until executable admission tests pass.","HD-042","Evidence ledger, operator handover and final audit","MASTER_SPEC.md","VERIFIED — evidence in evidence/releases/2026-09-05-v1.0.0/HD-042/completion.json","TASK_SHEET.md:418 and universal completion contract","Required for applicable declared release"
