"id","title","priority","owner","dependencies","requirements","status","taskSheetLine","proofRequired"
"HD-001","Remove false success and establish capability truth","P0","architecture/backend/frontend","none","NFR-017, NFR-025, FR-064, FR-071.","OPEN","88","true"
"HD-002","Authenticate and authorize all operations","P0","security/backend","001","FR-043, FR-069, NFR-006.","OPEN","96","true"
"HD-003","Enforce tenant/client/project boundaries end to end","P0","security/database","002, 005","FR-011, FR-021, FR-077, NFR-006/007.","OPEN","104","true"
"HD-004","Treat every imported file and rendered asset as untrusted","P0","security/editor","001","FR-068, FR-073, NFR-006/020.","OPEN","112","true"
"HD-005","Make PostgreSQL the real source of truth","P0","database/backend","001","FR-001/002/032, NFR-001/020.","OPEN","120","true"
"HD-006","Execute durable workflows through the real controller","P0","workflow/backend","003, 005, 007","FR-059–062, NFR-001/019.","OPEN","128","true"
"HD-007","Transactional inbox/outbox and idempotency","P0","database/integrations","005","FR-004/047/049, NFR-001/020.","OPEN","136","true"
"HD-008","Bind approval to the exact revision and QA","P0","backend/security","002, 003, 005, 009, 018","FR-041–044, NFR-015.","OPEN","144","true"
"HD-009","Real hashes and deterministic identities","P0","domain/platform","none","FR-029/044, NFR-014/020.","OPEN","152","true"
"HD-010","Resolve the editor admission decision","P0","architecture/editor lead","001, 009","FR-028–030/075, NFR-008/019/025.","OPEN","160","true"
"HD-011","One complete canonical document model","P0","editor/domain","009, 010","FR-028/029/031/032/036, NFR-008/010.","OPEN","168","true"
"HD-012","Preview/export parity and complete delivery files","P0","rendering/editor","010, 011, 013, 014","FR-033/038/045, NFR-008/010/014.","OPEN","176","true"
"HD-013","Professional Sorani/Arabic typography and fonts","P0","typography/editor + two native reviewers","010, 011","FR-034–037, NFR-009/022.","OPEN","184","true"
"HD-014","Asset integrity and optional external-editor handoff","P0","editor/assets","004, 009, 011","FR-026/027/037/045/075.","OPEN","192","true"
"HD-015","Atomic saves, honest autosave and conflict recovery","P0","editor/storage","009, 011","FR-031/032, NFR-001/020.","OPEN","200","true"
"HD-016","Reliable undo/redo and editing commands","P0","editor","011","FR-031/032, NFR-012/016/020.","OPEN","208","true"
"HD-017","Safe offline queue and application updates","P0","frontend/platform","005, 007, 015","FR-001/060, NFR-001/007/017.","OPEN","216","true"
"HD-018","QA that genuinely blocks bad output","P0","QA/rendering/backend","009, 011–014","FR-015/027/038–040/045.","OPEN","224","true"
"HD-019","Authoritative facts, Client DNA and Drustee templates","P0","product/domain/content reviewer","002/003 for shared mode; 009, 011","FR-013–017/027/078, NFR-007/014.","OPEN","232","true"
"HD-020","Real review, revision differences and safe actions","P1","frontend/backend","008, 011, 018","FR-041/042/052/063, NFR-016/017.","OPEN","240","true"
"HD-021","Genuine verified Google publication","P0","integrations/backend","007–009, 012, 018","FR-045–049, NFR-020.","OPEN","248","true"
"HD-022","Reconciliation and notifications that converge","P1","integrations/operations","021, 007","FR-050/051/071.","OPEN","256","true"
"HD-023","Honest, bounded and policy-enforced AI gateway","P0 before AI enablement","AI/platform/security","001–003, 009","FR-056–059/065–068/079.","OPEN","264","true"
"HD-024","Real scoped retrieval and ingestion","P0 before knowledge-assisted generation","retrieval/database","003, 005, 009, 019","FR-018–023, NFR-005/007.","OPEN","272","true"
"HD-025","Editable generation, variants and bounded repairs","P1 before generation enablement","creative/editor/AI","011–014, 018, 019, 023, 024","FR-016/024–026/033/039/040, NFR-018.","OPEN","280","true"
"HD-026","Feedback and brand-rule governance","P1","domain/backend","005, 008, 019, 020","FR-052–055/069.","OPEN","288","true"
"HD-027","Reliable manual intake and messaging adapters","P1","frontend/integrations","002, 003, 005–007, 019","FR-001–014/071.","OPEN","296","true"
"HD-028","Isolate optional GPU and WhatsApp execution","Conditional, P0 before enablement","platform/security","002, 003, 023, 030","FR-062/072–074.","OPEN","304","true"
"HD-029","Actionable operations and truthful telemetry","P1","operations/frontend","001, 005–008, 021–024","FR-061/063–065/071, NFR-011/017.","OPEN","312","true"
"HD-030","One reproducible, secure deployment","P0 before server deployment","platform","002, 003, 005, 006, 032, 039","FR-074, NFR-006/013/023.","OPEN","320","true"
"HD-031","Real encrypted backup and clean-host restoration","P0 before relying on stored work","operations/database","005, 011, 030 for office mode","FR-070, NFR-003.","OPEN","328","true"
"HD-032","CI and tests that cannot certify the wrong thing","P0","test/platform","establish immediately, expand with every task","NFR-012/024/025.","OPEN","336","true"
"HD-033","Measured editor responsiveness and resource budgets","P1","frontend/performance","011, 012, 015, 016","NFR-004/005/016.","OPEN","344","true"
"HD-034","Responsive workspace and usable mobile review","P1","frontend/design","020 where connected","FR-041/076, NFR-016/021.","OPEN","352","true"
"HD-035","Accessibility as a complete workflow","P1","frontend/accessibility reviewer","034, 036","FR-076, NFR-021/022.","OPEN","360","true"
"HD-036","Consistent professional interaction and visual finish","P1","product design/frontend","001, 011, 015, 016","FR-063/076, NFR-016/017.","OPEN","368","true"
"HD-037","Capacity, backpressure and real SLOs","P1","platform/performance","005–007, 029, 030","FR-062/079, NFR-002/004/005/011.","OPEN","376","true"
"HD-038","Retention, safe deletion and data portability","P1","backend/security/product","003, 005, 009, 017","FR-066/067/069/080, NFR-007/010/015.","OPEN","384","true"
"HD-039","Supply-chain and security release verification","P0 before deployment","security/platform","002–004, 030 for deployed checks","FR-068/074, NFR-006/013.","OPEN","392","true"
"HD-040","Real model/editor quality evaluation and admission","P1 before primary AI roles","evaluation lead + human reviewers","010, 013, 018, 023–025","FR-039/055–058, NFR-009/025.","OPEN","402","true"
"HD-041","Real office pilot and release decision","P1, final admission","founder/operations/release lead","all enabled production tasks","existing `docs/29_ACCEPTANCE_GATES.md` pilot exit, NFR-016/025.","OPEN","410","true"
"HD-042","Evidence ledger, operator handover and final audit","P1","release/test lead","all tasks applicable to claimed release","NFR-012/016/025 and all mapped requirements.","OPEN","418","true"
