brief_id,language,size,prr_pass,geometric_pass,readability_pass,asset_integrity_pass,copy_exact_pass,editability_pass,canary_won,order_swap_consistent,composite_score,cost_usd,wall_clock_ms,distinct_skeleton
brief_01_en_square,en,1080x1080,true,true,true,true,true,true,true,true,0.957,0.171982,52924,true
brief_02_en_square,en,1080x1080,false,false,true,true,true,true,true,true,0.898,0.169645,48405,true
brief_03_ckb_square,ckb,1080x1080,false,true,false,true,true,true,true,true,0.893,0.164455,49310,true
brief_04_ckb_square,ckb,1080x1080,false,true,false,true,true,true,true,true,0.876,0.170467,54926,true
brief_05_en_portrait45,en,1080x1350,false,true,false,true,true,true,true,true,0.913,0.177413,48273,true
brief_06_en_portrait45,en,1080x1350,false,true,false,true,true,true,true,true,0.924,0.175693,49738,true
brief_07_ckb_portrait45,ckb,1080x1350,false,true,false,true,true,true,true,true,0.919,0.176893,46962,true
brief_08_ckb_portrait45,ckb,1080x1350,false,false,true,true,true,true,true,true,0.878,0.193383,55693,false
brief_09_en_story916,en,1080x1920,false,true,false,true,true,true,true,true,0.941,0.182733,54393,false
brief_10_en_story916,en,1080x1920,true,true,true,true,true,true,true,true,0.948,0.191413,53624,false
brief_11_ckb_story916,ckb,1080x1920,false,false,true,true,true,true,true,true,0.864,0.176843,47366,false
brief_12_ckb_story916,ckb,1080x1920,false,true,false,true,true,true,true,true,0.918,0.189783,52785,true
brief_13_en_a4doc,en,1240x1754,false,true,false,true,true,true,true,true,0.918,0.191723,52266,true
brief_14_en_a4doc,en,1240x1754,false,false,true,true,true,true,true,true,0.904,0.182523,54960,false
brief_15_ckb_a4doc,ckb,1240x1754,false,true,false,true,true,true,true,true,0.898,0.184543,50328,false
brief_16_ckb_a4doc,ckb,1240x1754,false,false,true,true,true,true,true,true,0.897,0.168583,45769,false
brief_17_en_landscape169,en,1920x1080,false,true,false,true,true,true,true,true,0.839,0.168943,47713,true
brief_18_en_landscape169,en,1920x1080,true,true,true,true,true,true,true,true,0.849,0.193393,53326,true
brief_19_ckb_landscape169,ckb,1920x1080,true,true,true,true,true,true,true,true,0.853,0.174793,46871,false
brief_20_ckb_landscape169,ckb,1920x1080,false,true,false,true,true,true,true,true,0.822,0.185933,52506,true