TaskId,Title,Requirements,Status,TestedBuild,ChangedFiles,OriginalFailure,EvidencePath
H01,Canonical Authenticated Task Loading,"FR-001, FR-002, FR-003, FR-047",PASS,core:hawa-production-core:latest (commit d07f79a683),"apps/desk/src/screens/WorkScreen.tsx, apps/desk/src/api/client.ts, infra/docker/nginx.conf",Desk requested /tasks returning HTML 200 SPA shell instead of /v1/tasks; unauthenticated failure appeared as empty queue,output/audits/2026-09-13-independent-completion-audit/RAW_PROBES_EVIDENCE.json#H01
H02,Truthful UI Receipts,"FR-004, FR-005, FR-048",PASS,desk:hawa-production-desk:latest (commit d07f79a683),"apps/desk/src/App.tsx, apps/desk/src/screens/WorkScreen.tsx",Desk generated mock sha256_mock_hash and fake toast notifications even when backend API calls failed,output/audits/2026-09-13-independent-completion-audit/RAW_PROBES_EVIDENCE.json#H02
H03,Strict Approval & Durable State Authority,"FR-009, FR-010, FR-011, FR-012, FR-049",PASS,core:hawa-production-core:latest (commit d07f79a683),"apps/core/src/app.ts, packages/db/src/repositories/revision.repository.ts",Approval endpoint wrote REVISION_REQUESTED instead of APPROVED; allowed role spoofing and unverified QA approval,output/audits/2026-09-13-independent-completion-audit/RAW_PROBES_EVIDENCE.json#H03
H04,One Authentic Canva Adapter,"FR-006, FR-007, FR-008, FR-023",PASS,integrations:monorepo (commit d07f79a683),"packages/integrations/src/canva-connect-client.ts, packages/integrations/src/canva-design-studio-adapter.ts",Dual Canva adapters; CanvaConnectClient lacked PKCE RFC 7636 flow and did not fail closed on missing credentials,output/audits/2026-09-13-independent-completion-audit/RAW_PROBES_EVIDENCE.json#H04
H05,Scoped Durable Idempotency,"FR-013, FR-014, FR-015",PASS,core:hawa-production-core:latest (commit d07f79a683),"apps/core/src/app.ts, packages/db/src/repositories/task.repository.ts",Idempotency keys crossed clients; reused keys accepted mutated payloads without throwing 409 Conflict,output/audits/2026-09-13-independent-completion-audit/RAW_PROBES_EVIDENCE.json#H05
H06,Model Schema & Provenance,"FR-016, FR-017, FR-018, FR-019",BLOCKED,integrations:monorepo (commit d07f79a683),"packages/integrations/src/model-gateway.ts",Failed and refused model outputs silently injected passed:true; model names did not match runtime evidence,output/audits/2026-09-13-independent-completion-audit/RAW_PROBES_EVIDENCE.json#H06
H07,Budget & Vision Enforcement,"FR-020, FR-021, FR-022",PASS,integrations:monorepo (commit d07f79a683),"packages/integrations/src/model-gateway.ts, packages/qa/src/engine.ts",Cascades bypassed budget/attempt/deadline limits; circuit breakers did not open; visual judges lacked images,output/audits/2026-09-13-independent-completion-audit/RAW_PROBES_EVIDENCE.json#H07
H08,Exact Brief & Copy Preservation,"FR-024, FR-025, FR-026",PASS,creative:monorepo (commit d07f79a683),"packages/creative/src/templates/kaae-invitation.template.ts, packages/qa/src/copy-validator.ts",Duplicated Prime Minister paragraphs; fabricated statutory texts; stripped vertical bar punctuation in dates,output/audits/2026-09-13-independent-completion-audit/RAW_PROBES_EVIDENCE.json#H08
H09,Immutable Artifact Validation,"FR-027, FR-028, FR-029",PASS,integrations:monorepo (commit d07f79a683),"packages/integrations/src/canva-capture-pipeline.ts",Accepted invalid PNGs with corrupt CRC/truncated IEND; accepted malformed PDFs lacking xref/EOF,output/audits/2026-09-13-independent-completion-audit/RAW_PROBES_EVIDENCE.json#H09
H10,Correct Assets for Every Client,"FR-034, FR-039, FR-040",PASS,creative:monorepo (commit d07f79a683),"packages/creative/src/templates/kaae-invitation.template.ts, packages/creative/src/operations-to-svg.ts",Hardcoded fallback logo to non-KAAE client assets; cross-client asset leakage under concurrent requests,output/audits/2026-09-13-independent-completion-audit/RAW_PROBES_EVIDENCE.json#H10
H11,Governed Learning with Scope Authority & Rollback,"FR-030, FR-031, FR-035, FR-041",PASS,core:hawa-production-core:latest (commit d07f79a683),"packages/creative/src/feedback-miner.ts, packages/db/src/repositories/feedback.repository.ts, apps/core/src/app.ts",Feedback automatically promoted without human authority; cross-client feedback mutated KAAE DNA,output/audits/2026-09-13-independent-completion-audit/RAW_PROBES_EVIDENCE.json#H11
H12,Live Vertical Slice & Truthful Health,"FR-032, FR-033, FR-038",PASS,core:hawa-production-core:latest (commit d07f79a683),"apps/core/src/app.ts, packages/db/src/repositories/revision.repository.ts",Health reported healthy when Canva circuit breaker was failing; default revision studio was hycanvas,output/audits/2026-09-13-independent-completion-audit/RAW_PROBES_EVIDENCE.json#H12
H13,Lean Canva-Only Review UI,"FR-042, FR-043, FR-044",PASS,desk:hawa-production-desk:latest (commit d07f79a683),"apps/desk/src/App.tsx, apps/desk/src/index.css, apps/desk/src/screens/WorkScreen.tsx",Mobile filter pills clipped at 390px; competing New Task buttons; light theme; missing distinct intake areas,output/audits/2026-09-13-independent-completion-audit/RAW_PROBES_EVIDENCE.json#H13
H14,Independent Qualification,"FR-045, FR-046, FR-051",PASS,monorepo:monorepo (commit d07f79a683),"scripts/run_independent_completion_audit.ts, scripts/execute_independent_live_vertical_slice.ts",Previous audits relied on mocked results and arithmetic summaries rather than live execution evidence,output/audits/2026-09-13-independent-completion-audit/RAW_PROBES_EVIDENCE.json#H14
