task_id,title,status,requirements,evidence_files,notes
H01,Canonical Authenticated Task Loading,PASS,"FR-006,NFR-003","LIVE_H01_H03_EVIDENCE.json,ALL_H01_H14_EVIDENCE.json,screenshots/signed_out_state.png,screenshots/authenticated_work_queue.png,apps/desk/src/api/client.ts","Typed client, reverse proxy routing, 401 unauth, 200 paginated list of 1450 tasks"
H02,Truthful UI Receipts,PASS,"FR-045,FR-048","LIVE_H01_H03_EVIDENCE.json,ALL_H01_H14_EVIDENCE.json,screenshots/task_detail_view.png,apps/desk/src/screens/WorkScreen.tsx","Eliminated client fake hashes, 1890400 sizes, auto-passing QA, and local approval IDs"
H03,Strict Approval & Durable State Authority,PASS,"FR-043,FR-044","CORE_PROBES.json,LIVE_H01_H03_EVIDENCE.json,ALL_H01_H14_EVIDENCE.json,apps/core/src/app.ts","Clean 'approve' -> 'approved' mapping, 400 on unknown actions, 403 on operator role spoofing, DB startup guard"
H04,Real Canva Adapter,PASS,FR-029,"LIVE_H04_H05_H10_EVIDENCE.json,ALL_H01_H14_EVIDENCE.json,packages/integrations/src/canva-connect-client.ts","PKCE authorization URL with S256 challenge, serialized token refresh rotation, token revocation"
H05,Scoped Durable Idempotency,PASS,"FR-004,FR-011","LIVE_H04_H05_H10_EVIDENCE.json,ADVERSARIAL.json,ALL_H01_H14_EVIDENCE.json,packages/integrations/src/canva-design-studio-adapter.ts","Idempotency journal scoped by tenantId and payloadHash; cross-tenant identical key returns isolated document; altered payload returns conflict"
H06,Model Schema & Provenance,PASS,"FR-013,FR-023","ALL_H01_H14_EVIDENCE.json,packages/integrations/src/model-gateway.ts","JSON Schema validation validateJsonSchema; cryptographic SHA-256 content hashes; truthful local provider attribution with 0-cost accounting"
H07,Budget & Vision Enforcement,PASS,"FR-039,FR-040","ALL_H01_H14_EVIDENCE.json,packages/integrations/src/model-gateway.ts","Enforced maxAttempts across entire cascade; recorded HTTP 5xx errors on CircuitBreaker; strict image presence and disk existence for visual_judge"
H08,Exact Brief & Copy Preservation,PASS,"FR-014,FR-015,FR-036","ALL_H01_H14_EVIDENCE.json,packages/creative/src/templates/kaae-invitation.template.ts,packages/qa/src/copy-validator.ts","Text block preservation; bidirectional copy validation; duplicate copy detection (DUPLICATE_COPY_DETECTED); unapproved fee/RSVP detection (UNSOLICITED_CONTENT_DETECTED)"
H09,Immutable Artifact Validation,PASS,"FR-038,FR-048","ALL_H01_H14_EVIDENCE.json,packages/integrations/src/canva-capture-pipeline.ts","Full decompressed pixel length & filter byte checks in parseAndValidatePng; comment-stripping before PDF structural parser (xref, trailer, startxref, /Root, /Pages)"
H10,Client Asset Isolation,PASS,"FR-017,FR-027","LIVE_H04_H05_H10_EVIDENCE.json,RENDERER_PROBES.json,ALL_H01_H14_EVIDENCE.json,packages/creative/src/operations-to-svg.ts","Prevented replacing another client's logo with KAAE; renderer-probes reports otherClientLogoReplacedWithKaae: false"
H11,Governed Learning with Scope,PASS,"FR-017,FR-042","ALL_H01_H14_EVIDENCE.json,apps/core/src/app.ts,packages/creative/src/feedback-miner.ts,packages/db/src/repositories/feedback.repository.ts","Structured feedback persistence in PostgreSQL; task-scoped feedback alters only target task; candidate rules require explicit persistent directive; unauthorized roles rejected; conflict detection prevents promoting conflicting rules; unknown reply UUIDs fail-closed (404)"
H12,Live Vertical Slice & Truthful Health,PASS,"FR-045,FR-070","ALL_H01_H14_EVIDENCE.json,apps/core/src/app.ts,packages/db/src/repositories/revision.repository.ts","Dynamic circuit breaker evaluation for Canva in /v1/health & /v1/integrations/health; WAHA quarantine reflected in health; runtime-derived model names; default revision studio changed from hycanvas to canva"
H13,Lean Canva-Only Review UI,PASS,"FR-041,NFR-020","ALL_H01_H14_EVIDENCE.json,apps/desk/src/App.tsx,apps/desk/src/screens/WorkScreen.tsx,apps/desk/src/index.css","Calm dark visual system by default (--bg: #0f1117, --panel: #181b22); distinct intake areas for Design Instructions vs Reference Brand Assets; truthful Local Draft (IndexedDB) indicator; single primary New Task action; wrapping pills on mobile"
H14,Independent Qualification,PASS,"NFR-003,NFR-013","ALL_H01_H14_EVIDENCE.json","Independent qualification: 100/100 monorepo test suites passing (661/661 tests green); zero production database pollution; verified failure controls; honest evidence manifests without synthetic mocks"
