brief_id,client_id,brief_title,format,script_direction,imagery_tier,hard_constraints_escapes,prompt_adherence_score,hierarchy_score,typography_score,composition_score,legibility_score,brand_fidelity_score,human_reviewer_status,notes
B-01,c1000000-0000-4000-8000-000000000002,KAAE Ministry Accreditation Gala Invitation,portrait_1200x1697,bilingual_rtl_ltr,none,0,AWAITING_HUMAN,AWAITING_HUMAN,AWAITING_HUMAN,AWAITING_HUMAN,AWAITING_HUMAN,AWAITING_HUMAN,UNREVIEWED,Exact copy and official logo verified; awaiting blind human rating
B-02,c1000000-0000-4000-8000-000000000002,KAAE Presidential Symposium Keynote Announcement,landscape_1920x1080,latin,none,0,AWAITING_HUMAN,AWAITING_HUMAN,AWAITING_HUMAN,AWAITING_HUMAN,AWAITING_HUMAN,AWAITING_HUMAN,UNREVIEWED,Clean geometric grid; awaiting blind human rating
B-03,c1000000-0000-4000-8000-000000000002,KAAE Academic Council Resolution Notification,portrait_1080x1350,arabic,none,0,AWAITING_HUMAN,AWAITING_HUMAN,AWAITING_HUMAN,AWAITING_HUMAN,AWAITING_HUMAN,AWAITING_HUMAN,UNREVIEWED,Kurdish Sorani Noto Sans Arabic; awaiting blind human rating
B-04,c1000000-0000-4000-8000-000000000002,KAAE International Quality Forum Poster,portrait_1200x1697,bilingual_rtl_ltr,none,0,AWAITING_HUMAN,AWAITING_HUMAN,AWAITING_HUMAN,AWAITING_HUMAN,AWAITING_HUMAN,AWAITING_HUMAN,UNREVIEWED,Bilingual stacked alignment; awaiting blind human rating
B-05,c1000000-0000-4000-8000-000000000002,KAAE Chancellor Address to Faculty,square_1080x1080,arabic,none,0,AWAITING_HUMAN,AWAITING_HUMAN,AWAITING_HUMAN,AWAITING_HUMAN,AWAITING_HUMAN,AWAITING_HUMAN,UNREVIEWED,Social card format; awaiting blind human rating
B-06,c1000000-0000-4000-8000-000000000002,KAAE Annual Excellence Award Ceremony,portrait_1200x1697,latin,none,0,AWAITING_HUMAN,AWAITING_HUMAN,AWAITING_HUMAN,AWAITING_HUMAN,AWAITING_HUMAN,AWAITING_HUMAN,UNREVIEWED,Formal diploma invitation style; awaiting blind human rating
B-07,c1000000-0000-4000-8000-000000000002,KAAE Research Grant Call for Proposals,portrait_1080x1350,latin,none,0,AWAITING_HUMAN,AWAITING_HUMAN,AWAITING_HUMAN,AWAITING_HUMAN,AWAITING_HUMAN,AWAITING_HUMAN,UNREVIEWED,Dense body text block; awaiting blind human rating
B-08,c1000000-0000-4000-8000-000000000002,KAAE Student Exchange Program Launch,square_1080x1080,bilingual_rtl_ltr,none,0,AWAITING_HUMAN,AWAITING_HUMAN,AWAITING_HUMAN,AWAITING_HUMAN,AWAITING_HUMAN,AWAITING_HUMAN,UNREVIEWED,Dual badge layout; awaiting blind human rating
B-09,c1000000-0000-4000-8000-000000000002,KAAE Institutional Audit Completion Circular,landscape_1920x1080,latin,none,0,AWAITING_HUMAN,AWAITING_HUMAN,AWAITING_HUMAN,AWAITING_HUMAN,AWAITING_HUMAN,AWAITING_HUMAN,UNREVIEWED,Official memorandum format; awaiting blind human rating
B-10,c1000000-0000-4000-8000-000000000002,KAAE New Campus Dedication Ribbon Cutting,portrait_1200x1697,bilingual_rtl_ltr,none,0,AWAITING_HUMAN,AWAITING_HUMAN,AWAITING_HUMAN,AWAITING_HUMAN,AWAITING_HUMAN,AWAITING_HUMAN,UNREVIEWED,Protocol invitation; awaiting blind human rating
B-11,c1000000-0000-4000-8000-000000000002,KAAE Higher Education Strategic Vision 2030,portrait_1080x1350,arabic,none,0,AWAITING_HUMAN,AWAITING_HUMAN,AWAITING_HUMAN,AWAITING_HUMAN,AWAITING_HUMAN,AWAITING_HUMAN,UNREVIEWED,Strategic announcement; awaiting blind human rating
B-12,c1000000-0000-4000-8000-000000000002,KAAE Academic Advisory Board Communique,square_1080x1080,latin,none,0,AWAITING_HUMAN,AWAITING_HUMAN,AWAITING_HUMAN,AWAITING_HUMAN,AWAITING_HUMAN,AWAITING_HUMAN,UNREVIEWED,Executive summary card; awaiting blind human rating
B-13,synth-client-drustee,Drustee Clinical Research Breakthrough,portrait_1080x1350,latin,none,0,AWAITING_HUMAN,AWAITING_HUMAN,AWAITING_HUMAN,AWAITING_HUMAN,AWAITING_HUMAN,AWAITING_HUMAN,UNREVIEWED,Synthetic client isolation test; awaiting blind human rating
B-14,synth-client-drustee,Drustee Pharmacy Opening Notice,square_1080x1080,arabic,none,0,AWAITING_HUMAN,AWAITING_HUMAN,AWAITING_HUMAN,AWAITING_HUMAN,AWAITING_HUMAN,AWAITING_HUMAN,UNREVIEWED,Synthetic client isolation test; awaiting blind human rating
B-15,synth-client-drustee,Drustee Evidence-First Medical Advisory,landscape_1920x1080,latin,none,0,AWAITING_HUMAN,AWAITING_HUMAN,AWAITING_HUMAN,AWAITING_HUMAN,AWAITING_HUMAN,AWAITING_HUMAN,UNREVIEWED,Synthetic client isolation test; awaiting blind human rating
B-16,synth-client-drustee,Drustee Annual Health Conference,portrait_1200x1697,bilingual_rtl_ltr,none,0,AWAITING_HUMAN,AWAITING_HUMAN,AWAITING_HUMAN,AWAITING_HUMAN,AWAITING_HUMAN,AWAITING_HUMAN,UNREVIEWED,Synthetic client isolation test; awaiting blind human rating
B-17,synth-client-fastpay,FastPay Merchant Terminal Launch,square_1080x1080,latin,none,0,AWAITING_HUMAN,AWAITING_HUMAN,AWAITING_HUMAN,AWAITING_HUMAN,AWAITING_HUMAN,AWAITING_HUMAN,UNREVIEWED,Synthetic client isolation test; awaiting blind human rating
B-18,synth-client-fastpay,FastPay Payment Security Bulletin,portrait_1080x1350,arabic,none,0,AWAITING_HUMAN,AWAITING_HUMAN,AWAITING_HUMAN,AWAITING_HUMAN,AWAITING_HUMAN,AWAITING_HUMAN,UNREVIEWED,Synthetic client isolation test; awaiting blind human rating
B-19,synth-client-fastpay,FastPay Enterprise Settlement API Release,landscape_1920x1080,latin,none,0,AWAITING_HUMAN,AWAITING_HUMAN,AWAITING_HUMAN,AWAITING_HUMAN,AWAITING_HUMAN,AWAITING_HUMAN,UNREVIEWED,Synthetic client isolation test; awaiting blind human rating
B-20,synth-client-fastpay,FastPay FinTech Innovation Summit 2026,portrait_1200x1697,bilingual_rtl_ltr,none,0,AWAITING_HUMAN,AWAITING_HUMAN,AWAITING_HUMAN,AWAITING_HUMAN,AWAITING_HUMAN,AWAITING_HUMAN,UNREVIEWED,Synthetic client isolation test; awaiting blind human rating
